-- phpMyAdmin SQL Dump
-- version 5.0.4
-- https://www.phpmyadmin.net/
--
-- Servidor: localhost
-- Tiempo de generación: 08-05-2021 a las 19:26:03
-- Versión del servidor: 10.4.17-MariaDB
-- Versión de PHP: 8.0.2

SET SQL_MODE = "NO_AUTO_VALUE_ON_ZERO";
START TRANSACTION;
SET time_zone = "+00:00";


/*!40101 SET @OLD_CHARACTER_SET_CLIENT=@@CHARACTER_SET_CLIENT */;
/*!40101 SET @OLD_CHARACTER_SET_RESULTS=@@CHARACTER_SET_RESULTS */;
/*!40101 SET @OLD_COLLATION_CONNECTION=@@COLLATION_CONNECTION */;
/*!40101 SET NAMES utf8mb4 */;

--
-- Base de datos: `mtile`
--
CREATE DATABASE IF NOT EXISTS `mtile` DEFAULT CHARACTER SET utf8mb4 COLLATE utf8mb4_general_ci;
USE `mtile`;

-- --------------------------------------------------------

--
-- Estructura de tabla para la tabla `breakdowns`
--

CREATE TABLE `breakdowns` (
  `id` int(11) NOT NULL,
  `name` varchar(100) NOT NULL,
  `createdAt` datetime NOT NULL,
  `updatedAt` datetime NOT NULL
) ENGINE=InnoDB DEFAULT CHARSET=utf8mb4;

--
-- Volcado de datos para la tabla `breakdowns`
--

INSERT INTO `breakdowns` (`id`, `name`, `createdAt`, `updatedAt`) VALUES
(1, 'Eléctrica', '0000-00-00 00:00:00', '0000-00-00 00:00:00'),
(2, 'Mecánica', '0000-00-00 00:00:00', '0000-00-00 00:00:00'),
(3, 'Elec-Mec', '0000-00-00 00:00:00', '0000-00-00 00:00:00'),
(4, 'Regulación', '0000-00-00 00:00:00', '0000-00-00 00:00:00');

-- --------------------------------------------------------

--
-- Estructura de tabla para la tabla `docs`
--

CREATE TABLE `docs` (
  `id` int(11) NOT NULL,
  `name` varchar(255) NOT NULL,
  `info` varchar(255) NOT NULL,
  `sectionId` int(11) NOT NULL,
  `createdAt` datetime NOT NULL,
  `updatedAt` datetime NOT NULL
) ENGINE=InnoDB DEFAULT CHARSET=utf8mb4;

--
-- Volcado de datos para la tabla `docs`
--

INSERT INTO `docs` (`id`, `name`, `info`, `sectionId`, `createdAt`, `updatedAt`) VALUES
(1, 'test1.pdf', 'Cuadro Eléctrico H1', 3, '0000-00-00 00:00:00', '0000-00-00 00:00:00'),
(2, 'test2.pdf', 'Cuadro Qualitron', 2, '0000-00-00 00:00:00', '0000-00-00 00:00:00'),
(3, 'test3.pdf', 'LGV 5', 5, '0000-00-00 00:00:00', '0000-00-00 00:00:00'),
(4, 'test4.pdf', 'Montaje Bomba', 8, '0000-00-00 00:00:00', '0000-00-00 00:00:00'),
(5, 'test5.pdf', 'Distribución Prensas', 1, '0000-00-00 00:00:00', '0000-00-00 00:00:00'),
(6, 'test6.pdf', 'Máquina descarga H2', 3, '0000-00-00 00:00:00', '0000-00-00 00:00:00');

-- --------------------------------------------------------

--
-- Estructura de tabla para la tabla `events`
--

CREATE TABLE `events` (
  `id` int(11) NOT NULL,
  `factory` int(11) NOT NULL,
  `section` int(11) NOT NULL,
  `machine` int(11) NOT NULL,
  `number` int(11) NOT NULL,
  `technician` int(11) NOT NULL,
  `worker` varchar(120) NOT NULL,
  `orderType` int(11) NOT NULL,
  `breakdown` int(11) NOT NULL,
  `closed` tinyint(1) NOT NULL DEFAULT 0,
  `confirmed` tinyint(1) NOT NULL DEFAULT 0,
  `active` tinyint(4) NOT NULL DEFAULT 1,
  `start` datetime NOT NULL,
  `end` datetime NOT NULL,
  `startFix` datetime NOT NULL,
  `endFix` datetime NOT NULL,
  `totalMins` int(11) NOT NULL,
  `description` text NOT NULL,
  `createdAt` datetime NOT NULL,
  `updatedAt` datetime NOT NULL
) ENGINE=InnoDB DEFAULT CHARSET=utf8mb4;

--
-- Volcado de datos para la tabla `events`
--

INSERT INTO `events` (`id`, `factory`, `section`, `machine`, `number`, `technician`, `worker`, `orderType`, `breakdown`, `closed`, `confirmed`, `active`, `start`, `end`, `startFix`, `endFix`, `totalMins`, `description`, `createdAt`, `updatedAt`) VALUES
(34, 1, 1, 34, 5, 1, 'Juanjo M.', 4, 3, 0, 0, 0, '2021-05-04 20:45:00', '2021-05-04 21:45:00', '2021-05-04 20:45:00', '2021-05-04 21:45:00', 75, 'La tolva no se llena de material', '2021-05-04 20:40:52', '2021-05-07 10:22:00'),
(35, 3, 21, 328, 69, 1, 'Fernando', 4, 1, 0, 0, 1, '2021-05-05 00:45:00', '2021-05-05 02:45:00', '2021-05-05 00:45:00', '2021-05-05 02:45:00', 240, 'Avería en mesa de entrada, no funciona rodillera 4', '2021-05-04 21:52:25', '2021-05-07 09:34:42'),
(36, 1, 2, 130, 9, 15, 'Carmen', 3, 2, 0, 0, 1, '2021-05-05 11:30:00', '2021-05-05 14:30:00', '2021-05-05 11:45:00', '2021-05-05 14:30:00', 135, 'Inkjet alarma cabezal 3 no funciona correctamente', '2021-05-05 10:29:41', '2021-05-07 09:38:10'),
(37, 2, 14, 498, 56, 18, 'Iván', 2, 4, 0, 0, 1, '2021-04-27 10:30:00', '2021-04-27 12:30:00', '2021-04-27 10:30:00', '2021-04-27 12:30:00', 120, 'Bloque 1 desorganizado', '2021-05-05 11:08:01', '2021-05-05 11:08:01'),
(38, 3, 25, 535, 79, 20, 'Iván', 1, 1, 0, 0, 1, '2021-04-28 15:30:00', '2021-04-28 16:30:00', '2021-04-28 15:30:00', '2021-04-28 16:30:00', 60, 'Cambiar relés cuadro eléctrico', '2021-05-05 11:12:49', '2021-05-05 11:12:49'),
(39, 1, 7, 521, 28, 15, 'Iván', 5, 3, 0, 0, 1, '2021-05-04 12:15:00', '2021-05-04 13:15:00', '2021-05-04 12:15:00', '2021-05-04 13:15:00', 60, 'Mejorar Rodillera 1', '2021-05-05 12:13:56', '2021-05-05 12:13:56'),
(40, 2, 11, 217, 39, 16, 'Encargado de turno', 4, 2, 0, 0, 1, '2021-04-22 12:15:00', '2021-04-22 15:15:00', '2021-04-22 12:15:00', '2021-04-22 15:15:00', 180, 'Grupo de poleas campanas gripado', '2021-05-05 12:19:21', '2021-05-07 20:26:44'),
(41, 1, 7, 524, 28, 18, 'Jefe Ventas', 1, 2, 1, 1, 1, '2021-05-05 16:30:00', '2021-05-05 17:30:00', '2021-05-05 16:30:00', '2021-05-05 17:30:00', 60, 'Montar estantería muestras', '2021-05-05 16:30:33', '2021-05-07 20:30:34'),
(42, 1, 7, 523, 28, 20, 'Jefe Taller', 4, 2, 0, 0, 1, '2021-05-03 20:00:00', '2021-05-03 21:00:00', '2021-05-03 20:00:00', '2021-05-03 21:00:00', 60, 'Avería pistón altura', '2021-05-05 20:06:41', '2021-05-05 20:06:41'),
(43, 1, 7, 519, 28, 18, 'Iván', 2, 3, 0, 0, 1, '2021-04-15 19:00:00', '2021-04-15 21:00:00', '2021-04-15 19:00:00', '2021-04-15 21:00:00', 120, 'Cambiar capuchón', '2021-05-05 20:09:54', '2021-05-07 08:24:17'),
(44, 2, 13, 431, 52, 21, 'Ivan', 4, 1, 1, 1, 1, '2021-05-06 07:15:23', '2021-05-06 08:15:00', '2021-05-06 07:15:23', '2021-05-06 08:15:00', 60, 'Correa rodillera y poleas en mal estado', '2021-05-06 07:19:36', '2021-05-07 20:32:00'),
(45, 1, 5, 490, 26, 1, 'Ivan', 2, 2, 0, 0, 1, '2021-05-03 11:30:00', '2021-05-03 14:30:00', '2021-05-03 11:30:00', '2021-05-03 14:30:00', 120, 'Reparación Box descuadrado en potro', '2021-05-06 12:35:15', '2021-05-06 12:35:15'),
(46, 3, 26, 562, 80, 1, 'Ivan', 2, 1, 0, 0, 1, '2021-05-05 12:45:00', '2021-05-05 14:45:00', '2021-05-05 12:45:00', '2021-05-05 14:45:00', 120, 'Avería bomba vertical', '2021-05-06 12:51:01', '2021-05-06 12:51:01'),
(47, 1, 6, 507, 27, 1, 'Jefe Prensas', 4, 2, 0, 0, 1, '2021-05-06 12:00:00', '2021-05-06 16:00:00', '2021-05-06 12:00:00', '2021-05-06 16:00:00', 240, 'Avería en la cinta 4', '2021-05-06 12:56:15', '2021-05-06 12:56:15'),
(48, 1, 2, 185, 14, 20, 'Jefe Esmaltadoras', 4, 4, 0, 0, 1, '2021-05-06 12:00:00', '2021-05-06 13:00:00', '2021-05-06 12:00:00', '2021-05-06 13:00:00', 60, 'Banda Inkjet no mueve bien', '2021-05-06 12:59:40', '2021-05-08 07:53:24');

-- --------------------------------------------------------

--
-- Estructura de tabla para la tabla `events_clocks`
--

CREATE TABLE `events_clocks` (
  `id` int(11) NOT NULL,
  `eventId` int(11) NOT NULL,
  `userId` int(11) NOT NULL,
  `user` varchar(50) NOT NULL,
  `start` datetime NOT NULL,
  `end` datetime NOT NULL,
  `createdAt` datetime NOT NULL,
  `updatedAt` datetime NOT NULL
) ENGINE=InnoDB DEFAULT CHARSET=utf8mb4;

--
-- Volcado de datos para la tabla `events_clocks`
--

INSERT INTO `events_clocks` (`id`, `eventId`, `userId`, `user`, `start`, `end`, `createdAt`, `updatedAt`) VALUES
(77, 35, 1, 'Michael', '2021-05-05 00:50:17', '2021-05-05 01:50:17', '2021-05-05 08:02:01', '2021-05-05 08:02:01'),
(78, 35, 2, 'PepeLu', '2021-05-05 00:51:00', '2021-06-06 02:47:00', '2021-05-05 08:02:01', '2021-05-05 08:02:01'),
(79, 35, 14, 'Paco', '2021-05-05 00:52:01', '2021-05-05 01:52:01', '2021-05-05 08:02:01', '2021-05-05 08:02:01'),
(81, 34, 1, 'Michael', '2021-05-04 20:45:00', '2021-05-04 21:45:00', '2021-05-05 08:13:10', '2021-05-05 08:13:10'),
(82, 36, 15, 'Manuel', '2021-05-05 11:45:00', '2021-05-05 14:30:00', '2021-05-05 10:29:41', '2021-05-05 10:29:41'),
(83, 37, 18, 'Frank', '2021-04-27 10:30:00', '2021-04-27 12:30:00', '2021-05-05 11:08:01', '2021-05-05 11:08:01'),
(84, 38, 20, 'Isabel', '2021-04-28 15:30:00', '2021-04-28 16:30:00', '2021-05-05 11:12:49', '2021-05-05 11:12:49'),
(87, 42, 20, 'Isabel', '2021-05-03 20:00:00', '2021-05-03 21:00:00', '2021-05-05 20:06:41', '2021-05-05 20:06:41'),
(88, 43, 18, 'Frank', '2021-04-15 19:00:00', '2021-04-15 21:00:00', '2021-05-05 20:09:54', '2021-05-05 20:09:54'),
(90, 45, 1, 'Michael', '2021-05-03 11:30:00', '2021-05-03 16:30:00', '2021-05-06 12:35:15', '2021-05-06 12:35:15'),
(91, 46, 1, 'Michael', '2021-05-05 12:45:00', '2021-05-05 14:45:00', '2021-05-06 12:51:01', '2021-05-06 12:51:01'),
(92, 47, 1, 'Michael', '2021-05-06 12:00:00', '2021-05-06 16:00:00', '2021-05-06 12:56:15', '2021-05-06 12:56:15'),
(93, 48, 20, 'Isabel', '2021-05-06 13:00:00', '2021-05-06 14:00:00', '2021-05-06 12:59:40', '2021-05-06 12:59:40'),
(94, 40, 16, 'Daniel', '2021-04-22 12:15:00', '2021-05-22 15:15:00', '2021-05-07 20:26:44', '2021-05-07 20:26:44'),
(95, 41, 15, 'Manuel', '2021-05-05 16:30:20', '2021-05-05 17:30:20', '2021-05-07 20:30:34', '2021-05-07 20:30:34'),
(96, 44, 21, 'Gema', '2021-05-06 07:15:00', '2021-05-06 08:15:00', '2021-05-07 20:32:00', '2021-05-07 20:32:00');

-- --------------------------------------------------------

--
-- Estructura de tabla para la tabla `events_items`
--

CREATE TABLE `events_items` (
  `id` int(11) NOT NULL,
  `eventId` int(11) NOT NULL,
  `code` varchar(255) NOT NULL,
  `description` varchar(255) NOT NULL,
  `quantity` int(11) NOT NULL,
  `createdAt` datetime NOT NULL,
  `updatedAt` datetime NOT NULL
) ENGINE=InnoDB DEFAULT CHARSET=utf8mb4;

--
-- Volcado de datos para la tabla `events_items`
--

INSERT INTO `events_items` (`id`, `eventId`, `code`, `description`, `quantity`, `createdAt`, `updatedAt`) VALUES
(42, 35, '45GRT', 'Sensor inductivo PNP 3mm', 1, '2021-05-05 08:02:01', '2021-05-05 08:02:01'),
(43, 35, '45657', 'Motor 0.75Kw Con patas. Eje 25', 1, '2021-05-05 08:02:01', '2021-05-05 08:02:01'),
(45, 34, '45GRT', 'Sensor inductivo PNP 3mm', 2, '2021-05-05 08:13:10', '2021-05-05 08:13:10'),
(46, 36, 'JR769', 'Fotocélula Emisora/Receptora Barrera IFM 5-500mm', 2, '2021-05-05 10:29:41', '2021-05-05 10:29:41'),
(47, 36, '45GRT', 'Sensor inductivo PNP 3mm', 1, '2021-05-05 10:29:41', '2021-05-05 10:29:41'),
(51, 46, '19OLP', 'Motor 0.37Kw Eje 18', 1, '2021-05-06 12:51:01', '2021-05-06 12:51:01'),
(52, 40, '45657', 'Motor 0.75Kw Con patas. Eje 25', 1, '2021-05-07 20:26:44', '2021-05-07 20:26:44'),
(53, 40, '45GRT', 'Sensor inductivo PNP 3mm', 2, '2021-05-07 20:26:44', '2021-05-07 20:26:44'),
(54, 41, '45657', 'Motor 0.75Kw Con patas. Eje 25', 1, '2021-05-07 20:30:34', '2021-05-07 20:30:34'),
(55, 44, '47NJM', 'Correa 1500H100 Original', 1, '2021-05-07 20:32:00', '2021-05-07 20:32:00');

-- --------------------------------------------------------

--
-- Estructura de tabla para la tabla `events_operations`
--

CREATE TABLE `events_operations` (
  `id` int(11) NOT NULL,
  `eventId` int(11) NOT NULL,
  `time` float NOT NULL,
  `operation` varchar(255) NOT NULL,
  `createdAt` datetime NOT NULL,
  `updatedAt` datetime NOT NULL
) ENGINE=InnoDB DEFAULT CHARSET=utf8mb4;

--
-- Volcado de datos para la tabla `events_operations`
--

INSERT INTO `events_operations` (`id`, `eventId`, `time`, `operation`, `createdAt`, `updatedAt`) VALUES
(121, 35, 1, 'prueba', '2021-05-05 08:02:01', '2021-05-05 08:02:01'),
(122, 35, 1, 'sad', '2021-05-05 08:02:01', '2021-05-05 08:02:01'),
(123, 35, 2, 'ssadxs', '2021-05-05 08:02:01', '2021-05-05 08:02:01'),
(127, 34, 0.25, 'Localización avería', '2021-05-05 08:13:10', '2021-05-05 08:13:10'),
(128, 34, 0.75, 'Sustituir sensor máx.', '2021-05-05 08:13:10', '2021-05-05 08:13:10'),
(129, 34, 0.25, 'Ajuste llenado tolva', '2021-05-05 08:13:10', '2021-05-05 08:13:10'),
(130, 36, 0.25, 'Localización avería', '2021-05-05 10:29:41', '2021-05-05 10:29:41'),
(131, 36, 2, 'Sustituir cabezal 3', '2021-05-05 10:29:41', '2021-05-05 10:29:41'),
(132, 37, 2, 'Organizar parque Bloque 1', '2021-05-05 11:08:01', '2021-05-05 11:08:01'),
(133, 38, 1, 'Localizar relés en mal estado y sustituir', '2021-05-05 11:12:49', '2021-05-05 11:12:49'),
(134, 39, 1, 'Mejorar soporte rodillera 1', '2021-05-05 12:13:56', '2021-05-05 12:13:56'),
(139, 42, 1, 'Rellenar de aceite y reparar fuga', '2021-05-05 20:06:41', '2021-05-05 20:06:41'),
(140, 43, 2, 'Sustituir capuchón roto', '2021-05-05 20:09:54', '2021-05-05 20:09:54'),
(142, 45, 2, 'Cuadrar box en potro', '2021-05-06 12:35:15', '2021-05-06 12:35:15'),
(143, 46, 1, 'Localización avería', '2021-05-06 12:51:01', '2021-05-06 12:51:01'),
(144, 46, 1, 'Sustituir motor y cableado', '2021-05-06 12:51:01', '2021-05-06 12:51:01'),
(145, 47, 4, 'Sustituir rodamientos cinta y lubricación zona', '2021-05-06 12:56:15', '2021-05-06 12:56:15'),
(146, 48, 1, 'Tensado banda y ajustar centrado', '2021-05-06 12:59:40', '2021-05-06 12:59:40'),
(147, 40, 0.5, 'Preparación material', '2021-05-07 20:26:44', '2021-05-07 20:26:44'),
(148, 40, 2, 'Sustituir grupo, correas y guías', '2021-05-07 20:26:44', '2021-05-07 20:26:44'),
(149, 40, 0.5, 'Cambiar motor y embornar', '2021-05-07 20:26:44', '2021-05-07 20:26:44'),
(150, 41, 1, 'Instalación estantería', '2021-05-07 20:30:34', '2021-05-07 20:30:34'),
(151, 44, 1, 'Sustituir correa y poleas', '2021-05-07 20:32:00', '2021-05-07 20:32:00');

-- --------------------------------------------------------

--
-- Estructura de tabla para la tabla `factories`
--

CREATE TABLE `factories` (
  `id` int(11) NOT NULL,
  `name` varchar(100) NOT NULL,
  `createdAt` datetime NOT NULL DEFAULT current_timestamp(),
  `updatedAt` datetime NOT NULL DEFAULT current_timestamp()
) ENGINE=InnoDB DEFAULT CHARSET=utf8mb4;

--
-- Volcado de datos para la tabla `factories`
--

INSERT INTO `factories` (`id`, `name`, `createdAt`, `updatedAt`) VALUES
(1, '1', '2021-04-01 15:10:23', '2021-04-03 15:10:29'),
(2, '2', '2021-04-01 15:10:31', '2021-04-03 15:10:33'),
(3, '3', '2021-04-01 15:10:34', '2021-04-03 15:10:36');

-- --------------------------------------------------------

--
-- Estructura de tabla para la tabla `items`
--

CREATE TABLE `items` (
  `id` int(11) NOT NULL,
  `code` varchar(255) NOT NULL,
  `description` varchar(255) NOT NULL,
  `quantity` int(11) NOT NULL,
  `minStock` int(11) NOT NULL,
  `place` varchar(120) NOT NULL,
  `active` tinyint(4) NOT NULL DEFAULT 1,
  `createdAt` datetime NOT NULL,
  `updatedAt` datetime NOT NULL
) ENGINE=InnoDB DEFAULT CHARSET=utf8mb4;

--
-- Volcado de datos para la tabla `items`
--

INSERT INTO `items` (`id`, `code`, `description`, `quantity`, `minStock`, `place`, `active`, `createdAt`, `updatedAt`) VALUES
(1, '45GRT', 'Sensor inductivo PNP 3mm', 15, 10, 'Estantería 10, Piso 3.', 1, '2021-04-03 17:09:37', '2021-05-08 17:10:49'),
(2, '45657', 'Motor 0.75Kw Con patas. Eje 25', 1, 1, 'Almacén Factoría 1', 1, '2021-04-01 21:19:37', '2021-05-08 17:11:09'),
(3, '23OLK', 'Correa Termosoldable Tipo B con núcleo', 50, 20, 'Estantería Taller', 1, '2021-04-01 21:20:56', '2021-04-01 21:20:56'),
(5, '232LK', 'Correa Termosoldable Tipo B con núcleo', 50, 20, 'Estantería Taller', 1, '2021-04-01 21:20:56', '2021-04-01 21:20:56'),
(6, '47NJM', 'Correa 1500H100 Original', 9, 3, 'Almacén Factoría 1', 1, '2021-04-01 21:20:56', '2021-05-07 20:32:00'),
(7, '12BVC', 'Mandrino B&T 15mm', 30, 10, 'Estantería Taller', 1, '2021-04-01 21:20:56', '2021-04-01 21:20:56'),
(8, '19OLP', 'Motor 0.37Kw Eje 18', 8, 4, 'Estantería Almacén 2B', 1, '2021-04-01 21:20:56', '2021-04-01 21:20:56'),
(9, 'PLK23', 'Reductor Ejes 13/24 1/12 ', 3, 1, 'Estantería 4Z', 1, '2021-04-01 21:20:56', '2021-04-01 21:20:56'),
(10, 'SM763', 'Electrodos 3mm', 50, 10, 'Estantería 3A', 1, '2021-04-01 21:20:56', '2021-04-01 21:20:56'),
(11, 'PL964', 'Polea Tipo B 180mm', 5, 2, 'Estantería 5B', 1, '2021-04-01 21:20:56', '2021-04-01 21:20:56'),
(12, 'JM123', 'Correa Termosoldable Cordón Sin Núcleo', 100, 20, 'Centro Logístico', 1, '2021-04-01 21:20:56', '2021-04-01 21:20:56'),
(13, 'JR763', 'Fotocélula Emiso Barrera IFM 5-500mm', 10, 5, 'Estantería 2J Taller', 1, '2021-05-01 08:12:58', '2021-05-01 09:00:33'),
(14, 'JR769', 'Fotocélula Emisora/Receptora Barrera IFM 5-500mm', 5, 2, 'Estantería 2J Taller', 1, '2021-05-01 08:15:17', '2021-05-01 08:15:17'),
(15, 'JR768', 'Fotocélula Emisora Barrera IFM 5-500mm', 10, 2, 'Estantería 2J Taller', 1, '2021-05-01 08:17:11', '2021-05-05 07:31:49'),
(16, '4PL9H', 'Agua destilada 5L', 5, 2, 'Almacén Factoría 1', 1, '2021-05-01 18:21:09', '2021-05-01 18:21:09'),
(17, '12MNV', 'Correa 1100H150', 10, 3, 'Taller Factoría 1', 1, '2021-05-03 11:14:57', '2021-05-03 11:14:57'),
(18, 'PB240K', 'Polea 240 Tipo B', 20, 5, 'Taller', 0, '2021-05-08 07:27:32', '2021-05-08 07:47:47');

-- --------------------------------------------------------

--
-- Estructura de tabla para la tabla `machines`
--

CREATE TABLE `machines` (
  `id` int(11) NOT NULL,
  `name` varchar(100) NOT NULL,
  `numberId` int(11) NOT NULL,
  `createdAt` datetime NOT NULL,
  `updatedAt` datetime NOT NULL
) ENGINE=InnoDB DEFAULT CHARSET=utf8mb4;

--
-- Volcado de datos para la tabla `machines`
--

INSERT INTO `machines` (`id`, `name`, `numberId`, `createdAt`, `updatedAt`) VALUES
(5, 'Acarri. IN Secadero', 1, '2021-04-26 15:43:00', '2021-04-26 15:43:00'),
(13, 'Acarri. IN Secadero', 2, '2021-04-26 15:43:00', '2021-04-26 15:43:00'),
(21, 'Acarri. IN Secadero', 3, '2021-04-26 15:43:00', '2021-04-26 15:43:00'),
(29, 'Acarri. IN Secadero', 4, '2021-04-26 15:43:00', '2021-04-26 15:43:00'),
(37, 'Acarri. IN Secadero', 5, '2021-04-26 15:43:00', '2021-04-26 15:43:00'),
(45, 'Acarri. IN Secadero', 6, '2021-04-26 15:43:00', '2021-04-26 15:43:00'),
(53, 'Acarri. IN Secadero', 7, '2021-04-26 15:43:00', '2021-04-26 15:43:00'),
(61, 'Acarri. IN Secadero', 31, '2021-04-26 15:43:00', '2021-04-26 15:43:00'),
(69, 'Acarri. IN Secadero', 32, '2021-04-26 15:43:00', '2021-04-26 15:43:00'),
(77, 'Acarri. IN Secadero', 61, '2021-04-26 15:43:00', '2021-04-26 15:43:00'),
(85, 'Acarri. IN Secadero', 62, '2021-04-26 15:43:00', '2021-04-26 15:43:00'),
(93, 'Acarri. IN Secadero', 63, '2021-04-26 15:43:00', '2021-04-26 15:43:00'),
(101, 'Acarri. IN Secadero', 64, '2021-04-26 15:43:00', '2021-04-26 15:43:00'),
(4, 'Acarri. OUT PH', 1, '2021-04-26 15:43:00', '2021-04-26 15:43:00'),
(12, 'Acarri. OUT PH', 2, '2021-04-26 15:43:00', '2021-04-26 15:43:00'),
(20, 'Acarri. OUT PH', 3, '2021-04-26 15:43:00', '2021-04-26 15:43:00'),
(28, 'Acarri. OUT PH', 4, '2021-04-26 15:43:00', '2021-04-26 15:43:00'),
(36, 'Acarri. OUT PH', 5, '2021-04-26 15:43:00', '2021-04-26 15:43:00'),
(44, 'Acarri. OUT PH', 6, '2021-04-26 15:43:00', '2021-04-26 15:43:00'),
(52, 'Acarri. OUT PH', 7, '2021-04-26 15:43:00', '2021-04-26 15:43:00'),
(60, 'Acarri. OUT PH', 31, '2021-04-26 15:43:00', '2021-04-26 15:43:00'),
(68, 'Acarri. OUT PH', 32, '2021-04-26 15:43:00', '2021-04-26 15:43:00'),
(76, 'Acarri. OUT PH', 61, '2021-04-26 15:43:00', '2021-04-26 15:43:00'),
(84, 'Acarri. OUT PH', 62, '2021-04-26 15:43:00', '2021-04-26 15:43:00'),
(92, 'Acarri. OUT PH', 63, '2021-04-26 15:43:00', '2021-04-26 15:43:00'),
(100, 'Acarri. OUT PH', 64, '2021-04-26 15:43:00', '2021-04-26 15:43:00'),
(7, 'Acarri. OUT Sec.', 1, '2021-04-26 15:43:00', '2021-04-26 15:43:00'),
(15, 'Acarri. OUT Sec.', 2, '2021-04-26 15:43:00', '2021-04-26 15:43:00'),
(23, 'Acarri. OUT Sec.', 3, '2021-04-26 15:43:00', '2021-04-26 15:43:00'),
(31, 'Acarri. OUT Sec.', 4, '2021-04-26 15:43:00', '2021-04-26 15:43:00'),
(39, 'Acarri. OUT Sec.', 5, '2021-04-26 15:43:00', '2021-04-26 15:43:00'),
(47, 'Acarri. OUT Sec.', 6, '2021-04-26 15:43:00', '2021-04-26 15:43:00'),
(55, 'Acarri. OUT Sec.', 7, '2021-04-26 15:43:00', '2021-04-26 15:43:00'),
(63, 'Acarri. OUT Sec.', 31, '2021-04-26 15:43:00', '2021-04-26 15:43:00'),
(71, 'Acarri. OUT Sec.', 32, '2021-04-26 15:43:00', '2021-04-26 15:43:00'),
(79, 'Acarri. OUT Sec.', 61, '2021-04-26 15:43:00', '2021-04-26 15:43:00'),
(87, 'Acarri. OUT Sec.', 62, '2021-04-26 15:43:00', '2021-04-26 15:43:00'),
(95, 'Acarri. OUT Sec.', 63, '2021-04-26 15:43:00', '2021-04-26 15:43:00'),
(103, 'Acarri. OUT Sec.', 64, '2021-04-26 15:43:00', '2021-04-26 15:43:00'),
(364, 'Apilador', 21, '2021-04-26 15:43:00', '2021-04-26 15:43:00'),
(376, 'Apilador', 22, '2021-04-26 15:43:00', '2021-04-26 15:43:00'),
(388, 'Apilador', 23, '2021-04-26 15:43:00', '2021-04-26 15:43:00'),
(400, 'Apilador', 24, '2021-04-26 15:43:00', '2021-04-26 15:43:00'),
(412, 'Apilador', 25, '2021-04-26 15:43:00', '2021-04-26 15:43:00'),
(424, 'Apilador', 51, '2021-04-26 15:43:00', '2021-04-26 15:43:00'),
(436, 'Apilador', 52, '2021-04-26 15:43:00', '2021-04-26 15:43:00'),
(448, 'Apilador', 73, '2021-04-26 15:43:00', '2021-04-26 15:43:00'),
(460, 'Apilador', 74, '2021-04-26 15:43:00', '2021-04-26 15:43:00'),
(472, 'Apilador', 75, '2021-04-26 15:43:00', '2021-04-26 15:43:00'),
(484, 'Apilador', 76, '2021-04-26 15:43:00', '2021-04-26 15:43:00'),
(507, 'Bandas', 27, '2021-04-26 15:43:00', '2021-04-26 15:43:00'),
(511, 'Bandas', 57, '2021-04-26 15:43:00', '2021-04-26 15:43:00'),
(515, 'Bandas', 78, '2021-04-26 15:43:00', '2021-04-26 15:43:00'),
(576, 'Baños', 30, '2021-04-26 15:43:00', '2021-04-26 15:43:00'),
(589, 'Baños', 60, '2021-04-26 15:43:00', '2021-04-26 15:43:00'),
(602, 'Baños', 81, '2021-04-26 15:43:00', '2021-04-26 15:43:00'),
(545, 'Bomba vert. 0.5Cv', 29, '2021-04-26 15:43:00', '2021-04-26 15:43:00'),
(553, 'Bomba vert. 0.5Cv', 59, '2021-04-26 15:43:00', '2021-04-26 15:43:00'),
(561, 'Bomba vert. 0.5Cv', 80, '2021-04-26 15:43:00', '2021-04-26 15:43:00'),
(546, 'Bomba vert. 1Cv', 29, '2021-04-26 15:43:00', '2021-04-26 15:43:00'),
(554, 'Bomba vert. 1Cv', 59, '2021-04-26 15:43:00', '2021-04-26 15:43:00'),
(562, 'Bomba vert. 1Cv', 80, '2021-04-26 15:43:00', '2021-04-26 15:43:00'),
(490, 'Box', 26, '2021-04-26 15:43:00', '2021-04-26 15:43:00'),
(495, 'Box', 56, '2021-04-26 15:43:00', '2021-04-26 15:43:00'),
(500, 'Box', 77, '2021-04-26 15:43:00', '2021-04-26 15:43:00'),
(577, 'Campa', 30, '2021-04-26 15:43:00', '2021-04-26 15:43:00'),
(590, 'Campa', 60, '2021-04-26 15:43:00', '2021-04-26 15:43:00'),
(603, 'Campa', 81, '2021-04-26 15:43:00', '2021-04-26 15:43:00'),
(362, 'Cera', 21, '2021-04-26 15:43:00', '2021-04-26 15:43:00'),
(374, 'Cera', 22, '2021-04-26 15:43:00', '2021-04-26 15:43:00'),
(386, 'Cera', 23, '2021-04-26 15:43:00', '2021-04-26 15:43:00'),
(398, 'Cera', 24, '2021-04-26 15:43:00', '2021-04-26 15:43:00'),
(410, 'Cera', 25, '2021-04-26 15:43:00', '2021-04-26 15:43:00'),
(422, 'Cera', 51, '2021-04-26 15:43:00', '2021-04-26 15:43:00'),
(434, 'Cera', 52, '2021-04-26 15:43:00', '2021-04-26 15:43:00'),
(446, 'Cera', 73, '2021-04-26 15:43:00', '2021-04-26 15:43:00'),
(458, 'Cera', 74, '2021-04-26 15:43:00', '2021-04-26 15:43:00'),
(470, 'Cera', 75, '2021-04-26 15:43:00', '2021-04-26 15:43:00'),
(482, 'Cera', 76, '2021-04-26 15:43:00', '2021-04-26 15:43:00'),
(544, 'Cocio Esmal.', 29, '2021-04-26 15:43:00', '2021-04-26 15:43:00'),
(552, 'Cocio Esmal.', 59, '2021-04-26 15:43:00', '2021-04-26 15:43:00'),
(560, 'Cocio Esmal.', 80, '2021-04-26 15:43:00', '2021-04-26 15:43:00'),
(366, 'Cola', 21, '2021-04-26 15:43:00', '2021-04-26 15:43:00'),
(378, 'Cola', 22, '2021-04-26 15:43:00', '2021-04-26 15:43:00'),
(390, 'Cola', 23, '2021-04-26 15:43:00', '2021-04-26 15:43:00'),
(402, 'Cola', 24, '2021-04-26 15:43:00', '2021-04-26 15:43:00'),
(414, 'Cola', 25, '2021-04-26 15:43:00', '2021-04-26 15:43:00'),
(426, 'Cola', 51, '2021-04-26 15:43:00', '2021-04-26 15:43:00'),
(438, 'Cola', 52, '2021-04-26 15:43:00', '2021-04-26 15:43:00'),
(450, 'Cola', 73, '2021-04-26 15:43:00', '2021-04-26 15:43:00'),
(462, 'Cola', 74, '2021-04-26 15:43:00', '2021-04-26 15:43:00'),
(474, 'Cola', 75, '2021-04-26 15:43:00', '2021-04-26 15:43:00'),
(486, 'Cola', 76, '2021-04-26 15:43:00', '2021-04-26 15:43:00'),
(105, 'Colores', 8, '2021-04-26 15:43:00', '2021-04-26 15:43:00'),
(127, 'Colores', 9, '2021-04-26 15:43:00', '2021-04-26 15:43:00'),
(138, 'Colores', 10, '2021-04-26 15:43:00', '2021-04-26 15:43:00'),
(149, 'Colores', 11, '2021-04-26 15:43:00', '2021-04-26 15:43:00'),
(160, 'Colores', 12, '2021-04-26 15:43:00', '2021-04-26 15:43:00'),
(171, 'Colores', 13, '2021-04-26 15:43:00', '2021-04-26 15:43:00'),
(182, 'Colores', 14, '2021-04-26 15:43:00', '2021-04-26 15:43:00'),
(193, 'Colores', 15, '2021-04-26 15:43:00', '2021-04-26 15:43:00'),
(204, 'Colores', 38, '2021-04-26 15:43:00', '2021-04-26 15:43:00'),
(215, 'Colores', 39, '2021-04-26 15:43:00', '2021-04-26 15:43:00'),
(226, 'Colores', 65, '2021-04-26 15:43:00', '2021-04-26 15:43:00'),
(237, 'Colores', 66, '2021-04-26 15:43:00', '2021-04-26 15:43:00'),
(248, 'Colores', 67, '2021-04-26 15:43:00', '2021-04-26 15:43:00'),
(259, 'Colores', 68, '2021-04-26 15:43:00', '2021-04-26 15:43:00'),
(274, 'Combustión', 16, '2021-04-26 15:43:00', '2021-04-26 15:43:00'),
(282, 'Combustión', 17, '2021-04-26 15:43:00', '2021-04-26 15:43:00'),
(290, 'Combustión', 18, '2021-04-26 15:43:00', '2021-04-26 15:43:00'),
(298, 'Combustión', 19, '2021-04-26 15:43:00', '2021-04-26 15:43:00'),
(306, 'Combustión', 20, '2021-04-26 15:43:00', '2021-04-26 15:43:00'),
(314, 'Combustión', 46, '2021-04-26 15:43:00', '2021-04-26 15:43:00'),
(322, 'Combustión', 47, '2021-04-26 15:43:00', '2021-04-26 15:43:00'),
(330, 'Combustión', 69, '2021-04-26 15:43:00', '2021-04-26 15:43:00'),
(338, 'Combustión', 70, '2021-04-26 15:43:00', '2021-04-26 15:43:00'),
(346, 'Combustión', 71, '2021-04-26 15:43:00', '2021-04-26 15:43:00'),
(354, 'Combustión', 72, '2021-04-26 15:43:00', '2021-04-26 15:43:00'),
(574, 'Comedor', 30, '2021-04-26 15:43:00', '2021-04-26 15:43:00'),
(587, 'Comedor', 60, '2021-04-26 15:43:00', '2021-04-26 15:43:00'),
(600, 'Comedor', 81, '2021-04-26 15:43:00', '2021-04-26 15:43:00'),
(525, 'Cortadoras', 28, '2021-04-26 15:43:00', '2021-04-26 15:43:00'),
(534, 'Cortadoras', 58, '2021-04-26 15:43:00', '2021-04-26 15:43:00'),
(543, 'Cortadoras', 79, '2021-04-26 15:43:00', '2021-04-26 15:43:00'),
(550, 'Cuadro Elec.', 29, '2021-04-26 15:43:00', '2021-04-26 15:43:00'),
(558, 'Cuadro Elec.', 59, '2021-04-26 15:43:00', '2021-04-26 15:43:00'),
(566, 'Cuadro Elec.', 80, '2021-04-26 15:43:00', '2021-04-26 15:43:00'),
(361, 'Curva', 21, '2021-04-26 15:43:00', '2021-04-26 15:43:00'),
(373, 'Curva', 22, '2021-04-26 15:43:00', '2021-04-26 15:43:00'),
(385, 'Curva', 23, '2021-04-26 15:43:00', '2021-04-26 15:43:00'),
(397, 'Curva', 24, '2021-04-26 15:43:00', '2021-04-26 15:43:00'),
(409, 'Curva', 25, '2021-04-26 15:43:00', '2021-04-26 15:43:00'),
(421, 'Curva', 51, '2021-04-26 15:43:00', '2021-04-26 15:43:00'),
(433, 'Curva', 52, '2021-04-26 15:43:00', '2021-04-26 15:43:00'),
(445, 'Curva', 73, '2021-04-26 15:43:00', '2021-04-26 15:43:00'),
(457, 'Curva', 74, '2021-04-26 15:43:00', '2021-04-26 15:43:00'),
(469, 'Curva', 75, '2021-04-26 15:43:00', '2021-04-26 15:43:00'),
(481, 'Curva', 76, '2021-04-26 15:43:00', '2021-04-26 15:43:00'),
(573, 'Diseño', 30, '2021-04-26 15:43:00', '2021-04-26 15:43:00'),
(586, 'Diseño', 60, '2021-04-26 15:43:00', '2021-04-26 15:43:00'),
(599, 'Diseño', 81, '2021-04-26 15:43:00', '2021-04-26 15:43:00'),
(506, 'Elevador', 27, '2021-04-26 15:43:00', '2021-04-26 15:43:00'),
(510, 'Elevador', 57, '2021-04-26 15:43:00', '2021-04-26 15:43:00'),
(514, 'Elevador', 78, '2021-04-26 15:43:00', '2021-04-26 15:43:00'),
(365, 'Encajadora', 21, '2021-04-26 15:43:00', '2021-04-26 15:43:00'),
(377, 'Encajadora', 22, '2021-04-26 15:43:00', '2021-04-26 15:43:00'),
(389, 'Encajadora', 23, '2021-04-26 15:43:00', '2021-04-26 15:43:00'),
(401, 'Encajadora', 24, '2021-04-26 15:43:00', '2021-04-26 15:43:00'),
(413, 'Encajadora', 25, '2021-04-26 15:43:00', '2021-04-26 15:43:00'),
(425, 'Encajadora', 51, '2021-04-26 15:43:00', '2021-04-26 15:43:00'),
(437, 'Encajadora', 52, '2021-04-26 15:43:00', '2021-04-26 15:43:00'),
(449, 'Encajadora', 73, '2021-04-26 15:43:00', '2021-04-26 15:43:00'),
(461, 'Encajadora', 74, '2021-04-26 15:43:00', '2021-04-26 15:43:00'),
(473, 'Encajadora', 75, '2021-04-26 15:43:00', '2021-04-26 15:43:00'),
(485, 'Encajadora', 76, '2021-04-26 15:43:00', '2021-04-26 15:43:00'),
(519, 'Encapuchonadora', 28, '2021-04-26 15:43:00', '2021-04-26 15:43:00'),
(528, 'Encapuchonadora', 58, '2021-04-26 15:43:00', '2021-04-26 15:43:00'),
(537, 'Encapuchonadora', 79, '2021-04-26 15:43:00', '2021-04-26 15:43:00'),
(579, 'Exposición', 30, '2021-04-26 15:43:00', '2021-04-26 15:43:00'),
(592, 'Exposición', 60, '2021-04-26 15:43:00', '2021-04-26 15:43:00'),
(605, 'Exposición', 81, '2021-04-26 15:43:00', '2021-04-26 15:43:00'),
(508, 'F.Aspiración', 27, '2021-04-26 15:43:00', '2021-04-26 15:43:00'),
(512, 'F.Aspiración', 57, '2021-04-26 15:43:00', '2021-04-26 15:43:00'),
(516, 'F.Aspiración', 78, '2021-04-26 15:43:00', '2021-04-26 15:43:00'),
(1, 'Filtros', 1, '2021-04-26 15:43:00', '2021-04-26 15:43:00'),
(9, 'Filtros', 2, '2021-04-26 15:43:00', '2021-04-26 15:43:00'),
(17, 'Filtros', 3, '2021-04-26 15:43:00', '2021-04-26 15:43:00'),
(25, 'Filtros', 4, '2021-04-26 15:43:00', '2021-04-26 15:43:00'),
(33, 'Filtros', 5, '2021-04-26 15:43:00', '2021-04-26 15:43:00'),
(41, 'Filtros', 6, '2021-04-26 15:43:00', '2021-04-26 15:43:00'),
(49, 'Filtros', 7, '2021-04-26 15:43:00', '2021-04-26 15:43:00'),
(57, 'Filtros', 31, '2021-04-26 15:43:00', '2021-04-26 15:43:00'),
(65, 'Filtros', 32, '2021-04-26 15:43:00', '2021-04-26 15:43:00'),
(73, 'Filtros', 61, '2021-04-26 15:43:00', '2021-04-26 15:43:00'),
(81, 'Filtros', 62, '2021-04-26 15:43:00', '2021-04-26 15:43:00'),
(89, 'Filtros', 63, '2021-04-26 15:43:00', '2021-04-26 15:43:00'),
(97, 'Filtros', 64, '2021-04-26 15:43:00', '2021-04-26 15:43:00'),
(517, 'Flej. Horizontal', 28, '2021-04-26 15:43:00', '2021-04-26 15:43:00'),
(526, 'Flej. Horizontal', 58, '2021-04-26 15:43:00', '2021-04-26 15:43:00'),
(535, 'Flej. Horizontal', 79, '2021-04-26 15:43:00', '2021-04-26 15:43:00'),
(518, 'Flej. Vertical', 28, '2021-04-26 15:43:00', '2021-04-26 15:43:00'),
(527, 'Flej. Vertical', 58, '2021-04-26 15:43:00', '2021-04-26 15:43:00'),
(536, 'Flej. Vertical', 79, '2021-04-26 15:43:00', '2021-04-26 15:43:00'),
(367, 'Flejadora', 21, '2021-04-26 15:43:00', '2021-04-26 15:43:00'),
(379, 'Flejadora', 22, '2021-04-26 15:43:00', '2021-04-26 15:43:00'),
(391, 'Flejadora', 23, '2021-04-26 15:43:00', '2021-04-26 15:43:00'),
(403, 'Flejadora', 24, '2021-04-26 15:43:00', '2021-04-26 15:43:00'),
(415, 'Flejadora', 25, '2021-04-26 15:43:00', '2021-04-26 15:43:00'),
(427, 'Flejadora', 51, '2021-04-26 15:43:00', '2021-04-26 15:43:00'),
(439, 'Flejadora', 52, '2021-04-26 15:43:00', '2021-04-26 15:43:00'),
(451, 'Flejadora', 73, '2021-04-26 15:43:00', '2021-04-26 15:43:00'),
(463, 'Flejadora', 74, '2021-04-26 15:43:00', '2021-04-26 15:43:00'),
(475, 'Flejadora', 75, '2021-04-26 15:43:00', '2021-04-26 15:43:00'),
(487, 'Flejadora', 76, '2021-04-26 15:43:00', '2021-04-26 15:43:00'),
(111, 'Fregador agua', 8, '2021-04-26 15:43:00', '2021-04-26 15:43:00'),
(133, 'Fregador agua', 9, '2021-04-26 15:43:00', '2021-04-26 15:43:00'),
(144, 'Fregador agua', 10, '2021-04-26 15:43:00', '2021-04-26 15:43:00'),
(155, 'Fregador agua', 11, '2021-04-26 15:43:00', '2021-04-26 15:43:00'),
(166, 'Fregador agua', 12, '2021-04-26 15:43:00', '2021-04-26 15:43:00'),
(177, 'Fregador agua', 13, '2021-04-26 15:43:00', '2021-04-26 15:43:00'),
(188, 'Fregador agua', 14, '2021-04-26 15:43:00', '2021-04-26 15:43:00'),
(199, 'Fregador agua', 15, '2021-04-26 15:43:00', '2021-04-26 15:43:00'),
(210, 'Fregador agua', 38, '2021-04-26 15:43:00', '2021-04-26 15:43:00'),
(221, 'Fregador agua', 39, '2021-04-26 15:43:00', '2021-04-26 15:43:00'),
(232, 'Fregador agua', 65, '2021-04-26 15:43:00', '2021-04-26 15:43:00'),
(243, 'Fregador agua', 66, '2021-04-26 15:43:00', '2021-04-26 15:43:00'),
(254, 'Fregador agua', 67, '2021-04-26 15:43:00', '2021-04-26 15:43:00'),
(265, 'Fregador agua', 68, '2021-04-26 15:43:00', '2021-04-26 15:43:00'),
(113, 'Fregador franela', 8, '2021-04-26 15:43:00', '2021-04-26 15:43:00'),
(135, 'Fregador franela', 9, '2021-04-26 15:43:00', '2021-04-26 15:43:00'),
(146, 'Fregador franela', 10, '2021-04-26 15:43:00', '2021-04-26 15:43:00'),
(157, 'Fregador franela', 11, '2021-04-26 15:43:00', '2021-04-26 15:43:00'),
(168, 'Fregador franela', 12, '2021-04-26 15:43:00', '2021-04-26 15:43:00'),
(179, 'Fregador franela', 13, '2021-04-26 15:43:00', '2021-04-26 15:43:00'),
(190, 'Fregador franela', 14, '2021-04-26 15:43:00', '2021-04-26 15:43:00'),
(201, 'Fregador franela', 15, '2021-04-26 15:43:00', '2021-04-26 15:43:00'),
(212, 'Fregador franela', 38, '2021-04-26 15:43:00', '2021-04-26 15:43:00'),
(223, 'Fregador franela', 39, '2021-04-26 15:43:00', '2021-04-26 15:43:00'),
(234, 'Fregador franela', 65, '2021-04-26 15:43:00', '2021-04-26 15:43:00'),
(245, 'Fregador franela', 66, '2021-04-26 15:43:00', '2021-04-26 15:43:00'),
(256, 'Fregador franela', 67, '2021-04-26 15:43:00', '2021-04-26 15:43:00'),
(267, 'Fregador franela', 68, '2021-04-26 15:43:00', '2021-04-26 15:43:00'),
(112, 'Fregador seco', 8, '2021-04-26 15:43:00', '2021-04-26 15:43:00'),
(134, 'Fregador seco', 9, '2021-04-26 15:43:00', '2021-04-26 15:43:00'),
(145, 'Fregador seco', 10, '2021-04-26 15:43:00', '2021-04-26 15:43:00'),
(156, 'Fregador seco', 11, '2021-04-26 15:43:00', '2021-04-26 15:43:00'),
(167, 'Fregador seco', 12, '2021-04-26 15:43:00', '2021-04-26 15:43:00'),
(178, 'Fregador seco', 13, '2021-04-26 15:43:00', '2021-04-26 15:43:00'),
(189, 'Fregador seco', 14, '2021-04-26 15:43:00', '2021-04-26 15:43:00'),
(200, 'Fregador seco', 15, '2021-04-26 15:43:00', '2021-04-26 15:43:00'),
(211, 'Fregador seco', 38, '2021-04-26 15:43:00', '2021-04-26 15:43:00'),
(222, 'Fregador seco', 39, '2021-04-26 15:43:00', '2021-04-26 15:43:00'),
(233, 'Fregador seco', 65, '2021-04-26 15:43:00', '2021-04-26 15:43:00'),
(244, 'Fregador seco', 66, '2021-04-26 15:43:00', '2021-04-26 15:43:00'),
(255, 'Fregador seco', 67, '2021-04-26 15:43:00', '2021-04-26 15:43:00'),
(266, 'Fregador seco', 68, '2021-04-26 15:43:00', '2021-04-26 15:43:00'),
(493, 'Gestión Parque', 26, '2021-04-26 15:43:00', '2021-04-26 15:43:00'),
(498, 'Gestión Parque', 56, '2021-04-26 15:43:00', '2021-04-26 15:43:00'),
(503, 'Gestión Parque', 77, '2021-04-26 15:43:00', '2021-04-26 15:43:00'),
(114, 'Girador', 8, '2021-04-26 15:43:00', '2021-04-26 15:43:00'),
(136, 'Girador', 9, '2021-04-26 15:43:00', '2021-04-26 15:43:00'),
(147, 'Girador', 10, '2021-04-26 15:43:00', '2021-04-26 15:43:00'),
(158, 'Girador', 11, '2021-04-26 15:43:00', '2021-04-26 15:43:00'),
(169, 'Girador', 12, '2021-04-26 15:43:00', '2021-04-26 15:43:00'),
(180, 'Girador', 13, '2021-04-26 15:43:00', '2021-04-26 15:43:00'),
(191, 'Girador', 14, '2021-04-26 15:43:00', '2021-04-26 15:43:00'),
(202, 'Girador', 15, '2021-04-26 15:43:00', '2021-04-26 15:43:00'),
(213, 'Girador', 38, '2021-04-26 15:43:00', '2021-04-26 15:43:00'),
(224, 'Girador', 39, '2021-04-26 15:43:00', '2021-04-26 15:43:00'),
(235, 'Girador', 65, '2021-04-26 15:43:00', '2021-04-26 15:43:00'),
(246, 'Girador', 66, '2021-04-26 15:43:00', '2021-04-26 15:43:00'),
(257, 'Girador', 67, '2021-04-26 15:43:00', '2021-04-26 15:43:00'),
(268, 'Girador', 68, '2021-04-26 15:43:00', '2021-04-26 15:43:00'),
(520, 'Horno', 28, '2021-04-26 15:43:00', '2021-04-26 15:43:00'),
(529, 'Horno', 58, '2021-04-26 15:43:00', '2021-04-26 15:43:00'),
(538, 'Horno', 79, '2021-04-26 15:43:00', '2021-04-26 15:43:00'),
(551, 'I+D', 29, '2021-04-26 15:43:00', '2021-04-26 15:43:00'),
(559, 'I+D', 59, '2021-04-26 15:43:00', '2021-04-26 15:43:00'),
(567, 'I+D', 80, '2021-04-26 15:43:00', '2021-04-26 15:43:00'),
(572, 'Ilum Ext.', 30, '2021-04-26 15:43:00', '2021-04-26 15:43:00'),
(585, 'Ilum Ext.', 60, '2021-04-26 15:43:00', '2021-04-26 15:43:00'),
(598, 'Ilum Ext.', 81, '2021-04-26 15:43:00', '2021-04-26 15:43:00'),
(571, 'Ilum. Interior', 30, '2021-04-26 15:43:00', '2021-04-26 15:43:00'),
(584, 'Ilum. Interior', 60, '2021-04-26 15:43:00', '2021-04-26 15:43:00'),
(597, 'Ilum. Interior', 81, '2021-04-26 15:43:00', '2021-04-26 15:43:00'),
(363, 'Impresora', 21, '2021-04-26 15:43:00', '2021-04-26 15:43:00'),
(375, 'Impresora', 22, '2021-04-26 15:43:00', '2021-04-26 15:43:00'),
(387, 'Impresora', 23, '2021-04-26 15:43:00', '2021-04-26 15:43:00'),
(399, 'Impresora', 24, '2021-04-26 15:43:00', '2021-04-26 15:43:00'),
(411, 'Impresora', 25, '2021-04-26 15:43:00', '2021-04-26 15:43:00'),
(423, 'Impresora', 51, '2021-04-26 15:43:00', '2021-04-26 15:43:00'),
(435, 'Impresora', 52, '2021-04-26 15:43:00', '2021-04-26 15:43:00'),
(447, 'Impresora', 73, '2021-04-26 15:43:00', '2021-04-26 15:43:00'),
(459, 'Impresora', 74, '2021-04-26 15:43:00', '2021-04-26 15:43:00'),
(471, 'Impresora', 75, '2021-04-26 15:43:00', '2021-04-26 15:43:00'),
(483, 'Impresora', 76, '2021-04-26 15:43:00', '2021-04-26 15:43:00'),
(108, 'Inkjet', 8, '2021-04-26 15:43:00', '2021-04-26 15:43:00'),
(130, 'Inkjet', 9, '2021-04-26 15:43:00', '2021-04-26 15:43:00'),
(141, 'Inkjet', 10, '2021-04-26 15:43:00', '2021-04-26 15:43:00'),
(152, 'Inkjet', 11, '2021-04-26 15:43:00', '2021-04-26 15:43:00'),
(163, 'Inkjet', 12, '2021-04-26 15:43:00', '2021-04-26 15:43:00'),
(174, 'Inkjet', 13, '2021-04-26 15:43:00', '2021-04-26 15:43:00'),
(185, 'Inkjet', 14, '2021-04-26 15:43:00', '2021-04-26 15:43:00'),
(196, 'Inkjet', 15, '2021-04-26 15:43:00', '2021-04-26 15:43:00'),
(207, 'Inkjet', 38, '2021-04-26 15:43:00', '2021-04-26 15:43:00'),
(218, 'Inkjet', 39, '2021-04-26 15:43:00', '2021-04-26 15:43:00'),
(229, 'Inkjet', 65, '2021-04-26 15:43:00', '2021-04-26 15:43:00'),
(240, 'Inkjet', 66, '2021-04-26 15:43:00', '2021-04-26 15:43:00'),
(251, 'Inkjet', 67, '2021-04-26 15:43:00', '2021-04-26 15:43:00'),
(262, 'Inkjet', 68, '2021-04-26 15:43:00', '2021-04-26 15:43:00'),
(492, 'LGV', 26, '2021-04-26 15:43:00', '2021-04-26 15:43:00'),
(497, 'LGV', 56, '2021-04-26 15:43:00', '2021-04-26 15:43:00'),
(502, 'LGV', 77, '2021-04-26 15:43:00', '2021-04-26 15:43:00'),
(106, 'Línea', 8, '2021-04-26 15:43:00', '2021-04-26 15:43:00'),
(128, 'Línea', 9, '2021-04-26 15:43:00', '2021-04-26 15:43:00'),
(139, 'Línea', 10, '2021-04-26 15:43:00', '2021-04-26 15:43:00'),
(150, 'Línea', 11, '2021-04-26 15:43:00', '2021-04-26 15:43:00'),
(161, 'Línea', 12, '2021-04-26 15:43:00', '2021-04-26 15:43:00'),
(172, 'Línea', 13, '2021-04-26 15:43:00', '2021-04-26 15:43:00'),
(183, 'Línea', 14, '2021-04-26 15:43:00', '2021-04-26 15:43:00'),
(194, 'Línea', 15, '2021-04-26 15:43:00', '2021-04-26 15:43:00'),
(205, 'Línea', 38, '2021-04-26 15:43:00', '2021-04-26 15:43:00'),
(216, 'Línea', 39, '2021-04-26 15:43:00', '2021-04-26 15:43:00'),
(227, 'Línea', 65, '2021-04-26 15:43:00', '2021-04-26 15:43:00'),
(238, 'Línea', 66, '2021-04-26 15:43:00', '2021-04-26 15:43:00'),
(249, 'Línea', 67, '2021-04-26 15:43:00', '2021-04-26 15:43:00'),
(260, 'Línea', 68, '2021-04-26 15:43:00', '2021-04-26 15:43:00'),
(109, 'Máq. Carga', 8, '2021-04-26 15:43:00', '2021-04-26 15:43:00'),
(131, 'Máq. Carga', 9, '2021-04-26 15:43:00', '2021-04-26 15:43:00'),
(142, 'Máq. Carga', 10, '2021-04-26 15:43:00', '2021-04-26 15:43:00'),
(153, 'Máq. Carga', 11, '2021-04-26 15:43:00', '2021-04-26 15:43:00'),
(164, 'Máq. Carga', 12, '2021-04-26 15:43:00', '2021-04-26 15:43:00'),
(175, 'Máq. Carga', 13, '2021-04-26 15:43:00', '2021-04-26 15:43:00'),
(186, 'Máq. Carga', 14, '2021-04-26 15:43:00', '2021-04-26 15:43:00'),
(197, 'Máq. Carga', 15, '2021-04-26 15:43:00', '2021-04-26 15:43:00'),
(208, 'Máq. Carga', 38, '2021-04-26 15:43:00', '2021-04-26 15:43:00'),
(219, 'Máq. Carga', 39, '2021-04-26 15:43:00', '2021-04-26 15:43:00'),
(230, 'Máq. Carga', 65, '2021-04-26 15:43:00', '2021-04-26 15:43:00'),
(241, 'Máq. Carga', 66, '2021-04-26 15:43:00', '2021-04-26 15:43:00'),
(252, 'Máq. Carga', 67, '2021-04-26 15:43:00', '2021-04-26 15:43:00'),
(263, 'Máq. Carga', 68, '2021-04-26 15:43:00', '2021-04-26 15:43:00'),
(270, 'Máq. Descarga', 16, '2021-04-26 15:43:00', '2021-04-26 15:43:00'),
(278, 'Máq. Descarga', 17, '2021-04-26 15:43:00', '2021-04-26 15:43:00'),
(286, 'Máq. Descarga', 18, '2021-04-26 15:43:00', '2021-04-26 15:43:00'),
(294, 'Máq. Descarga', 19, '2021-04-26 15:43:00', '2021-04-26 15:43:00'),
(302, 'Máq. Descarga', 20, '2021-04-26 15:43:00', '2021-04-26 15:43:00'),
(310, 'Máq. Descarga', 46, '2021-04-26 15:43:00', '2021-04-26 15:43:00'),
(318, 'Máq. Descarga', 47, '2021-04-26 15:43:00', '2021-04-26 15:43:00'),
(326, 'Máq. Descarga', 69, '2021-04-26 15:43:00', '2021-04-26 15:43:00'),
(334, 'Máq. Descarga', 70, '2021-04-26 15:43:00', '2021-04-26 15:43:00'),
(342, 'Máq. Descarga', 71, '2021-04-26 15:43:00', '2021-04-26 15:43:00'),
(350, 'Máq. Descarga', 72, '2021-04-26 15:43:00', '2021-04-26 15:43:00'),
(277, 'Máq. Lim. Rod.', 16, '2021-04-26 15:43:00', '2021-04-26 15:43:00'),
(285, 'Máq. Lim. Rod.', 17, '2021-04-26 15:43:00', '2021-04-26 15:43:00'),
(293, 'Máq. Lim. Rod.', 18, '2021-04-26 15:43:00', '2021-04-26 15:43:00'),
(301, 'Máq. Lim. Rod.', 19, '2021-04-26 15:43:00', '2021-04-26 15:43:00'),
(309, 'Máq. Lim. Rod.', 20, '2021-04-26 15:43:00', '2021-04-26 15:43:00'),
(317, 'Máq. Lim. Rod.', 46, '2021-04-26 15:43:00', '2021-04-26 15:43:00'),
(325, 'Máq. Lim. Rod.', 47, '2021-04-26 15:43:00', '2021-04-26 15:43:00'),
(333, 'Máq. Lim. Rod.', 69, '2021-04-26 15:43:00', '2021-04-26 15:43:00'),
(341, 'Máq. Lim. Rod.', 70, '2021-04-26 15:43:00', '2021-04-26 15:43:00'),
(349, 'Máq. Lim. Rod.', 71, '2021-04-26 15:43:00', '2021-04-26 15:43:00'),
(357, 'Máq. Lim. Rod.', 72, '2021-04-26 15:43:00', '2021-04-26 15:43:00'),
(272, 'Mesa Entrada', 16, '2021-04-26 15:43:00', '2021-04-26 15:43:00'),
(280, 'Mesa Entrada', 17, '2021-04-26 15:43:00', '2021-04-26 15:43:00'),
(288, 'Mesa Entrada', 18, '2021-04-26 15:43:00', '2021-04-26 15:43:00'),
(296, 'Mesa Entrada', 19, '2021-04-26 15:43:00', '2021-04-26 15:43:00'),
(304, 'Mesa Entrada', 20, '2021-04-26 15:43:00', '2021-04-26 15:43:00'),
(312, 'Mesa Entrada', 46, '2021-04-26 15:43:00', '2021-04-26 15:43:00'),
(320, 'Mesa Entrada', 47, '2021-04-26 15:43:00', '2021-04-26 15:43:00'),
(328, 'Mesa Entrada', 69, '2021-04-26 15:43:00', '2021-04-26 15:43:00'),
(336, 'Mesa Entrada', 70, '2021-04-26 15:43:00', '2021-04-26 15:43:00'),
(344, 'Mesa Entrada', 71, '2021-04-26 15:43:00', '2021-04-26 15:43:00'),
(352, 'Mesa Entrada', 72, '2021-04-26 15:43:00', '2021-04-26 15:43:00'),
(549, 'Mot. Tracción', 29, '2021-04-26 15:43:00', '2021-04-26 15:43:00'),
(557, 'Mot. Tracción', 59, '2021-04-26 15:43:00', '2021-04-26 15:43:00'),
(565, 'Mot. Tracción', 80, '2021-04-26 15:43:00', '2021-04-26 15:43:00'),
(273, 'Movimentación', 16, '2021-04-26 15:43:00', '2021-04-26 15:43:00'),
(281, 'Movimentación', 17, '2021-04-26 15:43:00', '2021-04-26 15:43:00'),
(289, 'Movimentación', 18, '2021-04-26 15:43:00', '2021-04-26 15:43:00'),
(297, 'Movimentación', 19, '2021-04-26 15:43:00', '2021-04-26 15:43:00'),
(305, 'Movimentación', 20, '2021-04-26 15:43:00', '2021-04-26 15:43:00'),
(313, 'Movimentación', 46, '2021-04-26 15:43:00', '2021-04-26 15:43:00'),
(321, 'Movimentación', 47, '2021-04-26 15:43:00', '2021-04-26 15:43:00'),
(329, 'Movimentación', 69, '2021-04-26 15:43:00', '2021-04-26 15:43:00'),
(337, 'Movimentación', 70, '2021-04-26 15:43:00', '2021-04-26 15:43:00'),
(345, 'Movimentación', 71, '2021-04-26 15:43:00', '2021-04-26 15:43:00'),
(353, 'Movimentación', 72, '2021-04-26 15:43:00', '2021-04-26 15:43:00'),
(523, 'Muelle carga', 28, '2021-04-26 15:43:00', '2021-04-26 15:43:00'),
(532, 'Muelle carga', 58, '2021-04-26 15:43:00', '2021-04-26 15:43:00'),
(541, 'Muelle carga', 79, '2021-04-26 15:43:00', '2021-04-26 15:43:00'),
(524, 'Muestras', 28, '2021-04-26 15:43:00', '2021-04-26 15:43:00'),
(533, 'Muestras', 58, '2021-04-26 15:43:00', '2021-04-26 15:43:00'),
(542, 'Muestras', 79, '2021-04-26 15:43:00', '2021-04-26 15:43:00'),
(578, 'Oficinas', 30, '2021-04-26 15:43:00', '2021-04-26 15:43:00'),
(591, 'Oficinas', 60, '2021-04-26 15:43:00', '2021-04-26 15:43:00'),
(604, 'Oficinas', 81, '2021-04-26 15:43:00', '2021-04-26 15:43:00'),
(568, 'Otro', 30, '2021-04-26 15:43:00', '2021-04-26 15:43:00'),
(581, 'Otro', 60, '2021-04-26 15:43:00', '2021-04-26 15:43:00'),
(594, 'Otro', 81, '2021-04-26 15:43:00', '2021-04-26 15:43:00'),
(8, 'Otros', 1, '2021-04-26 15:43:00', '2021-04-26 15:43:00'),
(16, 'Otros', 2, '2021-04-26 15:43:00', '2021-04-26 15:43:00'),
(24, 'Otros', 3, '2021-04-26 15:43:00', '2021-04-26 15:43:00'),
(32, 'Otros', 4, '2021-04-26 15:43:00', '2021-04-26 15:43:00'),
(40, 'Otros', 5, '2021-04-26 15:43:00', '2021-04-26 15:43:00'),
(48, 'Otros', 6, '2021-04-26 15:43:00', '2021-04-26 15:43:00'),
(56, 'Otros', 7, '2021-04-26 15:43:00', '2021-04-26 15:43:00'),
(115, 'Otros', 8, '2021-04-26 15:43:00', '2021-04-26 15:43:00'),
(137, 'Otros', 9, '2021-04-26 15:43:00', '2021-04-26 15:43:00'),
(148, 'Otros', 10, '2021-04-26 15:43:00', '2021-04-26 15:43:00'),
(159, 'Otros', 11, '2021-04-26 15:43:00', '2021-04-26 15:43:00'),
(170, 'Otros', 12, '2021-04-26 15:43:00', '2021-04-26 15:43:00'),
(181, 'Otros', 13, '2021-04-26 15:43:00', '2021-04-26 15:43:00'),
(192, 'Otros', 14, '2021-04-26 15:43:00', '2021-04-26 15:43:00'),
(203, 'Otros', 15, '2021-04-26 15:43:00', '2021-04-26 15:43:00'),
(522, 'Otros', 28, '2021-04-26 15:43:00', '2021-04-26 15:43:00'),
(64, 'Otros', 31, '2021-04-26 15:43:00', '2021-04-26 15:43:00'),
(72, 'Otros', 32, '2021-04-26 15:43:00', '2021-04-26 15:43:00'),
(214, 'Otros', 38, '2021-04-26 15:43:00', '2021-04-26 15:43:00'),
(225, 'Otros', 39, '2021-04-26 15:43:00', '2021-04-26 15:43:00'),
(531, 'Otros', 58, '2021-04-26 15:43:00', '2021-04-26 15:43:00'),
(80, 'Otros', 61, '2021-04-26 15:43:00', '2021-04-26 15:43:00'),
(88, 'Otros', 62, '2021-04-26 15:43:00', '2021-04-26 15:43:00'),
(96, 'Otros', 63, '2021-04-26 15:43:00', '2021-04-26 15:43:00'),
(104, 'Otros', 64, '2021-04-26 15:43:00', '2021-04-26 15:43:00'),
(236, 'Otros', 65, '2021-04-26 15:43:00', '2021-04-26 15:43:00'),
(247, 'Otros', 66, '2021-04-26 15:43:00', '2021-04-26 15:43:00'),
(258, 'Otros', 67, '2021-04-26 15:43:00', '2021-04-26 15:43:00'),
(269, 'Otros', 68, '2021-04-26 15:43:00', '2021-04-26 15:43:00'),
(540, 'Otros', 79, '2021-04-26 15:43:00', '2021-04-26 15:43:00'),
(368, 'Paletizador', 21, '2021-04-26 15:43:00', '2021-04-26 15:43:00'),
(380, 'Paletizador', 22, '2021-04-26 15:43:00', '2021-04-26 15:43:00'),
(392, 'Paletizador', 23, '2021-04-26 15:43:00', '2021-04-26 15:43:00'),
(404, 'Paletizador', 24, '2021-04-26 15:43:00', '2021-04-26 15:43:00'),
(416, 'Paletizador', 25, '2021-04-26 15:43:00', '2021-04-26 15:43:00'),
(428, 'Paletizador', 51, '2021-04-26 15:43:00', '2021-04-26 15:43:00'),
(440, 'Paletizador', 52, '2021-04-26 15:43:00', '2021-04-26 15:43:00'),
(452, 'Paletizador', 73, '2021-04-26 15:43:00', '2021-04-26 15:43:00'),
(464, 'Paletizador', 74, '2021-04-26 15:43:00', '2021-04-26 15:43:00'),
(476, 'Paletizador', 75, '2021-04-26 15:43:00', '2021-04-26 15:43:00'),
(488, 'Paletizador', 76, '2021-04-26 15:43:00', '2021-04-26 15:43:00'),
(3, 'Prensa', 1, '2021-04-26 15:43:00', '2021-04-26 15:43:00'),
(11, 'Prensa', 2, '2021-04-26 15:43:00', '2021-04-26 15:43:00'),
(19, 'Prensa', 3, '2021-04-26 15:43:00', '2021-04-26 15:43:00'),
(27, 'Prensa', 4, '2021-04-26 15:43:00', '2021-04-26 15:43:00'),
(35, 'Prensa', 5, '2021-04-26 15:43:00', '2021-04-26 15:43:00'),
(43, 'Prensa', 6, '2021-04-26 15:43:00', '2021-04-26 15:43:00'),
(51, 'Prensa', 7, '2021-04-26 15:43:00', '2021-04-26 15:43:00'),
(59, 'Prensa', 31, '2021-04-26 15:43:00', '2021-04-26 15:43:00'),
(67, 'Prensa', 32, '2021-04-26 15:43:00', '2021-04-26 15:43:00'),
(75, 'Prensa', 61, '2021-04-26 15:43:00', '2021-04-26 15:43:00'),
(83, 'Prensa', 62, '2021-04-26 15:43:00', '2021-04-26 15:43:00'),
(91, 'Prensa', 63, '2021-04-26 15:43:00', '2021-04-26 15:43:00'),
(99, 'Prensa', 64, '2021-04-26 15:43:00', '2021-04-26 15:43:00'),
(110, 'Qualitron', 8, '2021-04-26 15:43:00', '2021-04-26 15:43:00'),
(132, 'Qualitron', 9, '2021-04-26 15:43:00', '2021-04-26 15:43:00'),
(143, 'Qualitron', 10, '2021-04-26 15:43:00', '2021-04-26 15:43:00'),
(154, 'Qualitron', 11, '2021-04-26 15:43:00', '2021-04-26 15:43:00'),
(165, 'Qualitron', 12, '2021-04-26 15:43:00', '2021-04-26 15:43:00'),
(176, 'Qualitron', 13, '2021-04-26 15:43:00', '2021-04-26 15:43:00'),
(187, 'Qualitron', 14, '2021-04-26 15:43:00', '2021-04-26 15:43:00'),
(198, 'Qualitron', 15, '2021-04-26 15:43:00', '2021-04-26 15:43:00'),
(209, 'Qualitron', 38, '2021-04-26 15:43:00', '2021-04-26 15:43:00'),
(220, 'Qualitron', 39, '2021-04-26 15:43:00', '2021-04-26 15:43:00'),
(231, 'Qualitron', 65, '2021-04-26 15:43:00', '2021-04-26 15:43:00'),
(242, 'Qualitron', 66, '2021-04-26 15:43:00', '2021-04-26 15:43:00'),
(253, 'Qualitron', 67, '2021-04-26 15:43:00', '2021-04-26 15:43:00'),
(264, 'Qualitron', 68, '2021-04-26 15:43:00', '2021-04-26 15:43:00'),
(275, 'Quemadores', 16, '2021-04-26 15:43:00', '2021-04-26 15:43:00'),
(283, 'Quemadores', 17, '2021-04-26 15:43:00', '2021-04-26 15:43:00'),
(291, 'Quemadores', 18, '2021-04-26 15:43:00', '2021-04-26 15:43:00'),
(299, 'Quemadores', 19, '2021-04-26 15:43:00', '2021-04-26 15:43:00'),
(307, 'Quemadores', 20, '2021-04-26 15:43:00', '2021-04-26 15:43:00'),
(315, 'Quemadores', 46, '2021-04-26 15:43:00', '2021-04-26 15:43:00'),
(323, 'Quemadores', 47, '2021-04-26 15:43:00', '2021-04-26 15:43:00'),
(331, 'Quemadores', 69, '2021-04-26 15:43:00', '2021-04-26 15:43:00'),
(339, 'Quemadores', 70, '2021-04-26 15:43:00', '2021-04-26 15:43:00'),
(347, 'Quemadores', 71, '2021-04-26 15:43:00', '2021-04-26 15:43:00'),
(355, 'Quemadores', 72, '2021-04-26 15:43:00', '2021-04-26 15:43:00'),
(580, 'Recepción', 30, '2021-04-26 15:43:00', '2021-04-26 15:43:00'),
(593, 'Recepción', 60, '2021-04-26 15:43:00', '2021-04-26 15:43:00'),
(606, 'Recepción', 81, '2021-04-26 15:43:00', '2021-04-26 15:43:00'),
(521, 'Rodillera', 28, '2021-04-26 15:43:00', '2021-04-26 15:43:00'),
(530, 'Rodillera', 58, '2021-04-26 15:43:00', '2021-04-26 15:43:00'),
(539, 'Rodillera', 79, '2021-04-26 15:43:00', '2021-04-26 15:43:00'),
(359, 'Rodillera emergencia', 21, '2021-04-26 15:43:00', '2021-04-26 15:43:00'),
(371, 'Rodillera emergencia', 22, '2021-04-26 15:43:00', '2021-04-26 15:43:00'),
(383, 'Rodillera emergencia', 23, '2021-04-26 15:43:00', '2021-04-26 15:43:00'),
(395, 'Rodillera emergencia', 24, '2021-04-26 15:43:00', '2021-04-26 15:43:00'),
(407, 'Rodillera emergencia', 25, '2021-04-26 15:43:00', '2021-04-26 15:43:00'),
(419, 'Rodillera emergencia', 51, '2021-04-26 15:43:00', '2021-04-26 15:43:00'),
(431, 'Rodillera emergencia', 52, '2021-04-26 15:43:00', '2021-04-26 15:43:00'),
(443, 'Rodillera emergencia', 73, '2021-04-26 15:43:00', '2021-04-26 15:43:00'),
(455, 'Rodillera emergencia', 74, '2021-04-26 15:43:00', '2021-04-26 15:43:00'),
(467, 'Rodillera emergencia', 75, '2021-04-26 15:43:00', '2021-04-26 15:43:00'),
(479, 'Rodillera emergencia', 76, '2021-04-26 15:43:00', '2021-04-26 15:43:00'),
(358, 'Rodillera salida', 21, '2021-04-26 15:43:00', '2021-04-26 15:43:00'),
(370, 'Rodillera salida', 22, '2021-04-26 15:43:00', '2021-04-26 15:43:00'),
(382, 'Rodillera salida', 23, '2021-04-26 15:43:00', '2021-04-26 15:43:00'),
(394, 'Rodillera salida', 24, '2021-04-26 15:43:00', '2021-04-26 15:43:00'),
(406, 'Rodillera salida', 25, '2021-04-26 15:43:00', '2021-04-26 15:43:00'),
(418, 'Rodillera salida', 51, '2021-04-26 15:43:00', '2021-04-26 15:43:00'),
(430, 'Rodillera salida', 52, '2021-04-26 15:43:00', '2021-04-26 15:43:00'),
(442, 'Rodillera salida', 73, '2021-04-26 15:43:00', '2021-04-26 15:43:00'),
(454, 'Rodillera salida', 74, '2021-04-26 15:43:00', '2021-04-26 15:43:00'),
(466, 'Rodillera salida', 75, '2021-04-26 15:43:00', '2021-04-26 15:43:00'),
(478, 'Rodillera salida', 76, '2021-04-26 15:43:00', '2021-04-26 15:43:00'),
(6, 'Secadero', 1, '2021-04-26 15:43:00', '2021-04-26 15:43:00'),
(14, 'Secadero', 2, '2021-04-26 15:43:00', '2021-04-26 15:43:00'),
(22, 'Secadero', 3, '2021-04-26 15:43:00', '2021-04-26 15:43:00'),
(30, 'Secadero', 4, '2021-04-26 15:43:00', '2021-04-26 15:43:00'),
(38, 'Secadero', 5, '2021-04-26 15:43:00', '2021-04-26 15:43:00'),
(46, 'Secadero', 6, '2021-04-26 15:43:00', '2021-04-26 15:43:00'),
(54, 'Secadero', 7, '2021-04-26 15:43:00', '2021-04-26 15:43:00'),
(494, 'Secadero', 26, '2021-04-26 15:43:00', '2021-04-26 15:43:00'),
(62, 'Secadero', 31, '2021-04-26 15:43:00', '2021-04-26 15:43:00'),
(70, 'Secadero', 32, '2021-04-26 15:43:00', '2021-04-26 15:43:00'),
(499, 'Secadero', 56, '2021-04-26 15:43:00', '2021-04-26 15:43:00'),
(78, 'Secadero', 61, '2021-04-26 15:43:00', '2021-04-26 15:43:00'),
(86, 'Secadero', 62, '2021-04-26 15:43:00', '2021-04-26 15:43:00'),
(94, 'Secadero', 63, '2021-04-26 15:43:00', '2021-04-26 15:43:00'),
(102, 'Secadero', 64, '2021-04-26 15:43:00', '2021-04-26 15:43:00'),
(504, 'Secadero', 77, '2021-04-26 15:43:00', '2021-04-26 15:43:00'),
(369, 'Surface', 21, '2021-04-26 15:43:00', '2021-04-26 15:43:00'),
(381, 'Surface', 22, '2021-04-26 15:43:00', '2021-04-26 15:43:00'),
(393, 'Surface', 23, '2021-04-26 15:43:00', '2021-04-26 15:43:00'),
(405, 'Surface', 24, '2021-04-26 15:43:00', '2021-04-26 15:43:00'),
(417, 'Surface', 25, '2021-04-26 15:43:00', '2021-04-26 15:43:00'),
(429, 'Surface', 51, '2021-04-26 15:43:00', '2021-04-26 15:43:00'),
(441, 'Surface', 52, '2021-04-26 15:43:00', '2021-04-26 15:43:00'),
(453, 'Surface', 73, '2021-04-26 15:43:00', '2021-04-26 15:43:00'),
(465, 'Surface', 74, '2021-04-26 15:43:00', '2021-04-26 15:43:00'),
(477, 'Surface', 75, '2021-04-26 15:43:00', '2021-04-26 15:43:00'),
(489, 'Surface', 76, '2021-04-26 15:43:00', '2021-04-26 15:43:00'),
(548, 'Tamiz', 29, '2021-04-26 15:43:00', '2021-04-26 15:43:00'),
(556, 'Tamiz', 59, '2021-04-26 15:43:00', '2021-04-26 15:43:00'),
(564, 'Tamiz', 80, '2021-04-26 15:43:00', '2021-04-26 15:43:00'),
(2, 'Tierras', 1, '2021-04-26 15:43:00', '2021-04-26 15:43:00'),
(10, 'Tierras', 2, '2021-04-26 15:43:00', '2021-04-26 15:43:00'),
(18, 'Tierras', 3, '2021-04-26 15:43:00', '2021-04-26 15:43:00'),
(26, 'Tierras', 4, '2021-04-26 15:43:00', '2021-04-26 15:43:00'),
(34, 'Tierras', 5, '2021-04-26 15:43:00', '2021-04-26 15:43:00'),
(42, 'Tierras', 6, '2021-04-26 15:43:00', '2021-04-26 15:43:00'),
(50, 'Tierras', 7, '2021-04-26 15:43:00', '2021-04-26 15:43:00'),
(58, 'Tierras', 31, '2021-04-26 15:43:00', '2021-04-26 15:43:00'),
(66, 'Tierras', 32, '2021-04-26 15:43:00', '2021-04-26 15:43:00'),
(74, 'Tierras', 61, '2021-04-26 15:43:00', '2021-04-26 15:43:00'),
(82, 'Tierras', 62, '2021-04-26 15:43:00', '2021-04-26 15:43:00'),
(90, 'Tierras', 63, '2021-04-26 15:43:00', '2021-04-26 15:43:00'),
(98, 'Tierras', 64, '2021-04-26 15:43:00', '2021-04-26 15:43:00'),
(569, 'Tiestos', 30, '2021-04-26 15:43:00', '2021-04-26 15:43:00'),
(582, 'Tiestos', 60, '2021-04-26 15:43:00', '2021-04-26 15:43:00'),
(595, 'Tiestos', 81, '2021-04-26 15:43:00', '2021-04-26 15:43:00'),
(505, 'Tolva recepción', 27, '2021-04-26 15:43:00', '2021-04-26 15:43:00'),
(509, 'Tolva recepción', 57, '2021-04-26 15:43:00', '2021-04-26 15:43:00'),
(513, 'Tolva recepción', 78, '2021-04-26 15:43:00', '2021-04-26 15:43:00'),
(491, 'Transfers', 26, '2021-04-26 15:43:00', '2021-04-26 15:43:00'),
(496, 'Transfers', 56, '2021-04-26 15:43:00', '2021-04-26 15:43:00'),
(501, 'Transfers', 77, '2021-04-26 15:43:00', '2021-04-26 15:43:00'),
(547, 'Transpaleta', 29, '2021-04-26 15:43:00', '2021-04-26 15:43:00'),
(555, 'Transpaleta', 59, '2021-04-26 15:43:00', '2021-04-26 15:43:00'),
(563, 'Transpaleta', 80, '2021-04-26 15:43:00', '2021-04-26 15:43:00'),
(271, 'Transporte', 16, '2021-04-26 15:43:00', '2021-04-26 15:43:00'),
(279, 'Transporte', 17, '2021-04-26 15:43:00', '2021-04-26 15:43:00'),
(287, 'Transporte', 18, '2021-04-26 15:43:00', '2021-04-26 15:43:00'),
(295, 'Transporte', 19, '2021-04-26 15:43:00', '2021-04-26 15:43:00'),
(303, 'Transporte', 20, '2021-04-26 15:43:00', '2021-04-26 15:43:00'),
(360, 'Transporte', 21, '2021-04-26 15:43:00', '2021-04-26 15:43:00'),
(372, 'Transporte', 22, '2021-04-26 15:43:00', '2021-04-26 15:43:00'),
(384, 'Transporte', 23, '2021-04-26 15:43:00', '2021-04-26 15:43:00'),
(396, 'Transporte', 24, '2021-04-26 15:43:00', '2021-04-26 15:43:00'),
(408, 'Transporte', 25, '2021-04-26 15:43:00', '2021-04-26 15:43:00'),
(311, 'Transporte', 46, '2021-04-26 15:43:00', '2021-04-26 15:43:00'),
(319, 'Transporte', 47, '2021-04-26 15:43:00', '2021-04-26 15:43:00'),
(420, 'Transporte', 51, '2021-04-26 15:43:00', '2021-04-26 15:43:00'),
(432, 'Transporte', 52, '2021-04-26 15:43:00', '2021-04-26 15:43:00'),
(327, 'Transporte', 69, '2021-04-26 15:43:00', '2021-04-26 15:43:00'),
(335, 'Transporte', 70, '2021-04-26 15:43:00', '2021-04-26 15:43:00'),
(343, 'Transporte', 71, '2021-04-26 15:43:00', '2021-04-26 15:43:00'),
(351, 'Transporte', 72, '2021-04-26 15:43:00', '2021-04-26 15:43:00'),
(444, 'Transporte', 73, '2021-04-26 15:43:00', '2021-04-26 15:43:00'),
(456, 'Transporte', 74, '2021-04-26 15:43:00', '2021-04-26 15:43:00'),
(468, 'Transporte', 75, '2021-04-26 15:43:00', '2021-04-26 15:43:00'),
(480, 'Transporte', 76, '2021-04-26 15:43:00', '2021-04-26 15:43:00'),
(276, 'Turbinas', 16, '2021-04-26 15:43:00', '2021-04-26 15:43:00'),
(284, 'Turbinas', 17, '2021-04-26 15:43:00', '2021-04-26 15:43:00'),
(292, 'Turbinas', 18, '2021-04-26 15:43:00', '2021-04-26 15:43:00'),
(300, 'Turbinas', 19, '2021-04-26 15:43:00', '2021-04-26 15:43:00'),
(308, 'Turbinas', 20, '2021-04-26 15:43:00', '2021-04-26 15:43:00'),
(316, 'Turbinas', 46, '2021-04-26 15:43:00', '2021-04-26 15:43:00'),
(324, 'Turbinas', 47, '2021-04-26 15:43:00', '2021-04-26 15:43:00'),
(332, 'Turbinas', 69, '2021-04-26 15:43:00', '2021-04-26 15:43:00'),
(340, 'Turbinas', 70, '2021-04-26 15:43:00', '2021-04-26 15:43:00'),
(348, 'Turbinas', 71, '2021-04-26 15:43:00', '2021-04-26 15:43:00'),
(356, 'Turbinas', 72, '2021-04-26 15:43:00', '2021-04-26 15:43:00'),
(570, 'Vallado', 30, '2021-04-26 15:43:00', '2021-04-26 15:43:00'),
(583, 'Vallado', 60, '2021-04-26 15:43:00', '2021-04-26 15:43:00'),
(596, 'Vallado', 81, '2021-04-26 15:43:00', '2021-04-26 15:43:00'),
(575, 'Vestuarios', 30, '2021-04-26 15:43:00', '2021-04-26 15:43:00'),
(588, 'Vestuarios', 60, '2021-04-26 15:43:00', '2021-04-26 15:43:00'),
(601, 'Vestuarios', 81, '2021-04-26 15:43:00', '2021-04-26 15:43:00'),
(107, 'Zona Esmalt.', 8, '2021-04-26 15:43:00', '2021-04-26 15:43:00'),
(129, 'Zona Esmalt.', 9, '2021-04-26 15:43:00', '2021-04-26 15:43:00'),
(140, 'Zona Esmalt.', 10, '2021-04-26 15:43:00', '2021-04-26 15:43:00'),
(151, 'Zona Esmalt.', 11, '2021-04-26 15:43:00', '2021-04-26 15:43:00'),
(162, 'Zona Esmalt.', 12, '2021-04-26 15:43:00', '2021-04-26 15:43:00'),
(173, 'Zona Esmalt.', 13, '2021-04-26 15:43:00', '2021-04-26 15:43:00'),
(184, 'Zona Esmalt.', 14, '2021-04-26 15:43:00', '2021-04-26 15:43:00'),
(195, 'Zona Esmalt.', 15, '2021-04-26 15:43:00', '2021-04-26 15:43:00'),
(206, 'Zona Esmalt.', 38, '2021-04-26 15:43:00', '2021-04-26 15:43:00'),
(217, 'Zona Esmalt.', 39, '2021-04-26 15:43:00', '2021-04-26 15:43:00'),
(228, 'Zona Esmalt.', 65, '2021-04-26 15:43:00', '2021-04-26 15:43:00'),
(239, 'Zona Esmalt.', 66, '2021-04-26 15:43:00', '2021-04-26 15:43:00'),
(250, 'Zona Esmalt.', 67, '2021-04-26 15:43:00', '2021-04-26 15:43:00'),
(261, 'Zona Esmalt.', 68, '2021-04-26 15:43:00', '2021-04-26 15:43:00');

-- --------------------------------------------------------

--
-- Estructura de tabla para la tabla `numbers`
--

CREATE TABLE `numbers` (
  `id` int(11) NOT NULL,
  `number` varchar(100) NOT NULL,
  `sectionId` int(11) NOT NULL,
  `createdAt` datetime NOT NULL,
  `updatedAt` datetime NOT NULL
) ENGINE=InnoDB DEFAULT CHARSET=utf8mb4;

--
-- Volcado de datos para la tabla `numbers`
--

INSERT INTO `numbers` (`id`, `number`, `sectionId`, `createdAt`, `updatedAt`) VALUES
(1, '1', 1, '2021-04-26 15:43:00', '2021-04-26 15:43:00'),
(8, '1', 2, '2021-04-26 15:43:00', '2021-04-26 15:43:00'),
(16, '1', 3, '2021-04-26 15:43:00', '2021-04-26 15:43:00'),
(21, '1', 4, '2021-04-26 15:43:00', '2021-04-26 15:43:00'),
(26, '1', 5, '2021-04-26 15:43:00', '2021-04-26 15:43:00'),
(27, '1', 6, '2021-04-26 15:43:00', '2021-04-26 15:43:00'),
(28, '1', 7, '2021-04-26 15:43:00', '2021-04-26 15:43:00'),
(29, '1', 8, '2021-04-26 15:43:00', '2021-04-26 15:43:00'),
(30, '1', 9, '2021-04-26 15:43:00', '2021-04-26 15:43:00'),
(56, '1', 14, '2021-04-26 15:43:00', '2021-04-26 15:43:00'),
(57, '1', 15, '2021-04-26 15:43:00', '2021-04-26 15:43:00'),
(58, '1', 16, '2021-04-26 15:43:00', '2021-04-26 15:43:00'),
(59, '1', 17, '2021-04-26 15:43:00', '2021-04-26 15:43:00'),
(60, '1', 18, '2021-04-26 15:43:00', '2021-04-26 15:43:00'),
(77, '1', 23, '2021-04-26 15:43:00', '2021-04-26 15:43:00'),
(78, '1', 24, '2021-04-26 15:43:00', '2021-04-26 15:43:00'),
(79, '1', 25, '2021-04-26 15:43:00', '2021-04-26 15:43:00'),
(80, '1', 26, '2021-04-26 15:43:00', '2021-04-26 15:43:00'),
(81, '1', 27, '2021-04-26 15:43:00', '2021-04-26 15:43:00'),
(15, '12', 2, '2021-04-26 15:43:00', '2021-04-26 15:43:00'),
(2, '2', 1, '2021-04-26 15:43:00', '2021-04-26 15:43:00'),
(9, '2', 2, '2021-04-26 15:43:00', '2021-04-26 15:43:00'),
(17, '2', 3, '2021-04-26 15:43:00', '2021-04-26 15:43:00'),
(22, '2', 4, '2021-04-26 15:43:00', '2021-04-26 15:43:00'),
(31, '21', 10, '2021-04-26 15:43:00', '2021-04-26 15:43:00'),
(38, '21', 11, '2021-04-26 15:43:00', '2021-04-26 15:43:00'),
(46, '21', 12, '2021-04-26 15:43:00', '2021-04-26 15:43:00'),
(51, '21', 13, '2021-04-26 15:43:00', '2021-04-26 15:43:00'),
(32, '22', 10, '2021-04-26 15:43:00', '2021-04-26 15:43:00'),
(39, '22', 11, '2021-04-26 15:43:00', '2021-04-26 15:43:00'),
(47, '22', 12, '2021-04-26 15:43:00', '2021-04-26 15:43:00'),
(52, '22', 13, '2021-04-26 15:43:00', '2021-04-26 15:43:00'),
(3, '3', 1, '2021-04-26 15:43:00', '2021-04-26 15:43:00'),
(10, '3', 2, '2021-04-26 15:43:00', '2021-04-26 15:43:00'),
(18, '3', 3, '2021-04-26 15:43:00', '2021-04-26 15:43:00'),
(23, '3', 4, '2021-04-26 15:43:00', '2021-04-26 15:43:00'),
(61, '31', 19, '2021-04-26 15:43:00', '2021-04-26 15:43:00'),
(65, '31', 20, '2021-04-26 15:43:00', '2021-04-26 15:43:00'),
(69, '31', 21, '2021-04-26 15:43:00', '2021-04-26 15:43:00'),
(73, '31', 22, '2021-04-26 15:43:00', '2021-04-26 15:43:00'),
(62, '32', 19, '2021-04-26 15:43:00', '2021-04-26 15:43:00'),
(66, '32', 20, '2021-04-26 15:43:00', '2021-04-26 15:43:00'),
(70, '32', 21, '2021-04-26 15:43:00', '2021-04-26 15:43:00'),
(74, '32', 22, '2021-04-26 15:43:00', '2021-04-26 15:43:00'),
(63, '33', 19, '2021-04-26 15:43:00', '2021-04-26 15:43:00'),
(67, '33', 20, '2021-04-26 15:43:00', '2021-04-26 15:43:00'),
(71, '33', 21, '2021-04-26 15:43:00', '2021-04-26 15:43:00'),
(75, '33', 22, '2021-04-26 15:43:00', '2021-04-26 15:43:00'),
(64, '34', 19, '2021-04-26 15:43:00', '2021-04-26 15:43:00'),
(68, '34', 20, '2021-04-26 15:43:00', '2021-04-26 15:43:00'),
(72, '34', 21, '2021-04-26 15:43:00', '2021-04-26 15:43:00'),
(76, '34', 22, '2021-04-26 15:43:00', '2021-04-26 15:43:00'),
(4, '4', 1, '2021-04-26 15:43:00', '2021-04-26 15:43:00'),
(11, '4', 2, '2021-04-26 15:43:00', '2021-04-26 15:43:00'),
(19, '4', 3, '2021-04-26 15:43:00', '2021-04-26 15:43:00'),
(24, '4', 4, '2021-04-26 15:43:00', '2021-04-26 15:43:00'),
(5, '5', 1, '2021-04-26 15:43:00', '2021-04-26 15:43:00'),
(12, '5', 2, '2021-04-26 15:43:00', '2021-04-26 15:43:00'),
(20, '5', 3, '2021-04-26 15:43:00', '2021-04-26 15:43:00'),
(25, '5', 4, '2021-04-26 15:43:00', '2021-04-26 15:43:00'),
(6, '6', 1, '2021-04-26 15:43:00', '2021-04-26 15:43:00'),
(13, '6', 2, '2021-04-26 15:43:00', '2021-04-26 15:43:00'),
(7, '7', 1, '2021-04-26 15:43:00', '2021-04-26 15:43:00'),
(14, '7', 2, '2021-04-26 15:43:00', '2021-04-26 15:43:00');

-- --------------------------------------------------------

--
-- Estructura de tabla para la tabla `sections`
--

CREATE TABLE `sections` (
  `id` int(11) NOT NULL,
  `name` varchar(100) NOT NULL,
  `factoryId` int(11) NOT NULL,
  `createdAt` datetime NOT NULL,
  `updatedAt` datetime NOT NULL
) ENGINE=InnoDB DEFAULT CHARSET=utf8mb4;

--
-- Volcado de datos para la tabla `sections`
--

INSERT INTO `sections` (`id`, `name`, `factoryId`, `createdAt`, `updatedAt`) VALUES
(7, 'Almacén', 1, '2016-12-01 12:32:00', '2016-12-01 13:32:00'),
(16, 'Almacén', 2, '2016-12-01 12:32:00', '2016-12-01 13:32:00'),
(25, 'Almacén', 3, '2016-12-01 12:32:00', '2016-12-01 13:32:00'),
(4, 'Clasificación', 1, '2016-12-01 12:32:00', '2016-12-01 13:32:00'),
(13, 'Clasificación', 2, '2016-12-01 12:32:00', '2016-12-01 13:32:00'),
(22, 'Clasificación', 3, '2016-12-01 12:32:00', '2016-12-01 13:32:00'),
(2, 'Esmaltadoras', 1, '2016-12-01 12:32:00', '2016-12-01 13:32:00'),
(11, 'Esmaltadoras', 2, '2016-12-01 12:32:00', '2016-12-01 13:32:00'),
(20, 'Esmaltadoras', 3, '2016-12-01 12:32:00', '2016-12-01 13:32:00'),
(3, 'Hornos', 1, '2016-12-01 12:32:00', '2016-12-01 13:32:00'),
(12, 'Hornos', 2, '2016-12-01 12:32:00', '2016-12-01 13:32:00'),
(21, 'Hornos', 3, '2016-12-01 12:32:00', '2016-12-01 13:32:00'),
(9, 'Otros', 1, '2016-12-01 12:32:00', '2016-12-01 13:32:00'),
(18, 'Otros', 2, '2016-12-01 12:32:00', '2016-12-01 13:32:00'),
(27, 'Otros', 3, '2016-12-01 12:32:00', '2016-12-01 13:32:00'),
(5, 'Parque Box', 1, '2016-12-01 12:32:00', '2016-12-01 13:32:00'),
(14, 'Parque Box', 2, '2016-12-01 12:32:00', '2016-12-01 13:32:00'),
(23, 'Parque Box', 3, '2016-12-01 12:32:00', '2016-12-01 13:32:00'),
(1, 'Prensas', 1, '2016-12-01 12:32:00', '2016-12-01 13:32:00'),
(10, 'Prensas', 2, '2016-12-01 12:32:00', '2016-12-01 13:32:00'),
(19, 'Prensas', 3, '2016-12-01 12:32:00', '2016-12-01 13:32:00'),
(8, 'Taller', 1, '2016-12-01 12:32:00', '2016-12-01 13:32:00'),
(17, 'Taller', 2, '2016-12-01 12:32:00', '2016-12-01 13:32:00'),
(26, 'Taller', 3, '2016-12-01 12:32:00', '2016-12-01 13:32:00'),
(6, 'Tierras', 1, '2016-12-01 12:32:00', '2016-12-01 13:32:00'),
(15, 'Tierras', 2, '2016-12-01 12:32:00', '2016-12-01 13:32:00'),
(24, 'Tierras', 3, '2016-12-01 12:32:00', '2016-12-01 13:32:00');

-- --------------------------------------------------------

--
-- Estructura de tabla para la tabla `technicians`
--

CREATE TABLE `technicians` (
  `id` int(11) NOT NULL,
  `name` varchar(50) NOT NULL,
  `surname` varchar(255) NOT NULL,
  `birthDate` datetime NOT NULL,
  `identityDocument` varchar(20) NOT NULL,
  `phoneNumber` varchar(30) NOT NULL,
  `email` varchar(120) NOT NULL,
  `city` varchar(120) NOT NULL,
  `address` varchar(255) NOT NULL,
  `image` varchar(255) DEFAULT NULL,
  `notes` text DEFAULT NULL,
  `schedule` varchar(120) NOT NULL,
  `factory` int(11) NOT NULL,
  `active` tinyint(4) NOT NULL DEFAULT 1,
  `createdAt` datetime NOT NULL,
  `updatedAt` datetime NOT NULL
) ENGINE=InnoDB DEFAULT CHARSET=utf8mb4;

--
-- Volcado de datos para la tabla `technicians`
--

INSERT INTO `technicians` (`id`, `name`, `surname`, `birthDate`, `identityDocument`, `phoneNumber`, `email`, `city`, `address`, `image`, `notes`, `schedule`, `factory`, `active`, `createdAt`, `updatedAt`) VALUES
(1, 'Michael', 'Laudrup', '1996-07-04 22:00:00', '56097665K', '687564309', 'michaellaudrup@gmail.com', 'Castellón', 'Calle Federico García Lorca, 11 4B', 'technician.jpeg', 'Este compañero no es un jugador del Real Madrid, pero le hubiera gustado!', 'L-V JP', 2, 1, '2021-04-26 15:45:00', '2021-05-05 09:28:06'),
(2, 'PepeLu', 'Juan Diego', '2021-04-08 23:31:39', '10349751G', '695147230', 'dieguillo@juan.com', 'Vila-real', 'La calle de las palomas 2B', 'josep.jpg', 'bla bla bla bla bla bla', 'L-V M-T-N', 2, 1, '2021-04-26 15:45:00', '2021-05-05 08:14:40'),
(14, 'Paco', 'Paco Paco', '2021-05-04 18:07:50', '53379410K', '695147230', 'pacors88@gmail.com', 'La ciudad de Paco', 'La calle de Paco', NULL, '', 'L-D M-T-N', 1, 1, '2021-05-04 18:07:58', '2021-05-05 08:14:43'),
(15, 'Manuel', 'González Peposo', '2021-05-05 09:30:57', '29234747E', '678542311', 'manugonpe@hotmail.com', 'Castellón', 'C/ Cortes de Arenoso 156', 'ruben.jpeg', 'Vacaciones siempre en verano', 'L-V JP', 3, 1, '2021-05-05 09:34:11', '2021-05-05 09:34:11'),
(16, 'Daniel', 'Torregrossa De la Rosa', '1989-11-18 23:00:00', '26959161X', '680976423', 'danitorosa@hotmail.com', 'Valencia', 'Calle de los Cipreses 3B 56', 'george.jpg', '', 'L-V M-T-N', 1, 1, '2021-05-05 09:35:35', '2021-05-05 09:35:35'),
(17, 'Santiago', 'Hernando Pincelero', '1979-06-11 22:00:00', '51455862D', '789654567', 'saherpinc@gmail.com', 'Vilafamés', 'Avenida Principal 65', 'jl.jpg', '', 'L-V M-T-N', 1, 1, '2021-05-05 09:36:51', '2021-05-05 10:24:53'),
(18, 'Frank', 'Chumillas Alcorcón', '1986-05-15 22:00:00', '23657102S', '654110984', 'chumifrank@hotmail.com', 'San Juan de Moró', 'Avenida de Castellón', 'raul.jpg', '', 'L-V JP', 3, 1, '2021-05-05 09:39:39', '2021-05-05 09:39:39'),
(19, 'Salvador', 'De la Cruz Torres', '1974-03-02 23:00:00', '70987093P', '789521322', 'salvacruztorr@gmail.com', 'La Foia', 'C/ Pedrissetes N45 3B', NULL, '', 'L-V M-T-N', 2, 1, '2021-05-05 09:41:29', '2021-05-08 07:52:57'),
(20, 'Isabel', 'Martínez Swarn', '2021-05-05 09:39:59', '92082013H', '745345609', 'laisabesm@gmail.com', 'Onda', 'C/ Villarreal N12 5G', NULL, '', 'L-V M-T-N', 1, 1, '2021-05-05 09:43:17', '2021-05-05 09:43:17'),
(21, 'Gema', 'Torres Díaz', '1983-03-30 22:00:00', '32129179L', '612490327', 'gematorrdiaz@hotmail.com', 'Oropesa', 'Avenida de la Concha 128 10H', NULL, '', 'L-V M-T-N', 1, 1, '2021-05-05 09:45:15', '2021-05-05 10:24:44');

-- --------------------------------------------------------

--
-- Estructura de tabla para la tabla `types`
--

CREATE TABLE `types` (
  `id` int(11) NOT NULL,
  `name` varchar(100) NOT NULL,
  `createdAt` datetime NOT NULL,
  `updatedAt` datetime NOT NULL
) ENGINE=InnoDB DEFAULT CHARSET=utf8mb4;

--
-- Volcado de datos para la tabla `types`
--

INSERT INTO `types` (`id`, `name`, `createdAt`, `updatedAt`) VALUES
(1, 'Directiva', '2021-04-26 15:43:00', '2021-04-26 15:43:00'),
(2, 'Planificada', '2021-04-26 15:43:00', '2021-04-26 15:43:00'),
(3, 'Preventiva', '2021-04-26 15:43:00', '2021-04-26 15:43:00'),
(4, 'Correctiva', '2021-04-26 15:43:00', '2021-04-26 15:43:00'),
(5, 'Otros', '2021-04-26 15:43:00', '2021-04-26 15:43:00');

-- --------------------------------------------------------

--
-- Estructura de tabla para la tabla `users`
--

CREATE TABLE `users` (
  `id` int(11) NOT NULL,
  `email` varchar(255) NOT NULL,
  `name` varchar(120) NOT NULL,
  `password` varchar(255) NOT NULL,
  `admin` tinyint(4) NOT NULL DEFAULT 1,
  `active` tinyint(4) NOT NULL DEFAULT 1,
  `createdAt` datetime NOT NULL,
  `updatedAt` datetime NOT NULL
) ENGINE=InnoDB DEFAULT CHARSET=utf8mb4;

--
-- Volcado de datos para la tabla `users`
--

INSERT INTO `users` (`id`, `email`, `name`, `password`, `admin`, `active`, `createdAt`, `updatedAt`) VALUES
(44, 'superadmin@mtile.org', 'ADMIN M-tile', '$2b$10$p/yu045qidLQ0VfSwSRM7eq7hEtc6c8EUPN6yMQLDuoU57xqcnvOK', 1, 1, '2021-05-07 18:16:04', '2021-05-07 18:18:24'),
(45, 'pacors88@gmail.com', 'Paco Admin', '$2b$10$OqGvfELEl4baUDxfUjdGKuzOgerXffcG3ZACX5ceTTmfqfFOjsKxm', 1, 1, '2021-05-07 18:16:34', '2021-05-08 10:49:45'),
(46, 'bola8@pepe.com', 'asdfsdfdsf', '$2b$10$FTzvLN8nl2z9a6XDc0XJkeY.7dROTOXLB4WwdGzWrkwacM5Gjzs4K', 1, 1, '2021-05-07 20:32:52', '2021-05-08 16:51:33');

-- --------------------------------------------------------

--
-- Estructura de tabla para la tabla `warnings`
--

CREATE TABLE `warnings` (
  `id` int(1) NOT NULL,
  `description` varchar(255) NOT NULL,
  `createdAt` datetime NOT NULL,
  `updatedAt` datetime NOT NULL
) ENGINE=InnoDB DEFAULT CHARSET=utf8mb4;

--
-- Volcado de datos para la tabla `warnings`
--

INSERT INTO `warnings` (`id`, `description`, `createdAt`, `updatedAt`) VALUES
(24, 'F-1 P-1 17/06/21 Paro programado 3h', '2021-05-05 08:10:55', '2021-05-05 08:10:55'),
(25, 'F-1 ES-3 12/06/21 Paro Programado 4h', '2021-05-05 08:11:19', '2021-05-05 08:11:19'),
(26, 'F-2 LGV-3 Paro Mantenimiento', '2021-05-05 08:11:42', '2021-05-05 08:11:42'),
(27, 'Activar Admin en menú', '2021-05-08 07:45:31', '2021-05-08 07:45:31');

--
-- Índices para tablas volcadas
--

--
-- Indices de la tabla `breakdowns`
--
ALTER TABLE `breakdowns`
  ADD PRIMARY KEY (`id`);

--
-- Indices de la tabla `docs`
--
ALTER TABLE `docs`
  ADD PRIMARY KEY (`id`),
  ADD KEY `sectionId` (`sectionId`);

--
-- Indices de la tabla `events`
--
ALTER TABLE `events`
  ADD PRIMARY KEY (`id`),
  ADD KEY `factory` (`factory`),
  ADD KEY `machine` (`machine`),
  ADD KEY `section` (`section`),
  ADD KEY `number` (`number`),
  ADD KEY `orderType` (`orderType`),
  ADD KEY `breakdown` (`breakdown`),
  ADD KEY `technician` (`technician`);

--
-- Indices de la tabla `events_clocks`
--
ALTER TABLE `events_clocks`
  ADD PRIMARY KEY (`id`),
  ADD KEY `userId` (`userId`),
  ADD KEY `eventId` (`eventId`);

--
-- Indices de la tabla `events_items`
--
ALTER TABLE `events_items`
  ADD PRIMARY KEY (`id`),
  ADD KEY `eventId` (`eventId`),
  ADD KEY `itemId` (`code`);

--
-- Indices de la tabla `events_operations`
--
ALTER TABLE `events_operations`
  ADD PRIMARY KEY (`id`),
  ADD KEY `eventId` (`eventId`);

--
-- Indices de la tabla `factories`
--
ALTER TABLE `factories`
  ADD PRIMARY KEY (`id`),
  ADD UNIQUE KEY `name` (`name`);

--
-- Indices de la tabla `items`
--
ALTER TABLE `items`
  ADD PRIMARY KEY (`id`),
  ADD UNIQUE KEY `code` (`code`);

--
-- Indices de la tabla `machines`
--
ALTER TABLE `machines`
  ADD PRIMARY KEY (`name`,`numberId`),
  ADD UNIQUE KEY `id` (`id`),
  ADD KEY `numberId` (`numberId`);

--
-- Indices de la tabla `numbers`
--
ALTER TABLE `numbers`
  ADD PRIMARY KEY (`number`,`sectionId`),
  ADD UNIQUE KEY `id` (`id`),
  ADD KEY `sectionId` (`sectionId`);

--
-- Indices de la tabla `sections`
--
ALTER TABLE `sections`
  ADD PRIMARY KEY (`name`,`factoryId`),
  ADD UNIQUE KEY `id` (`id`),
  ADD KEY `factoryId` (`factoryId`);

--
-- Indices de la tabla `technicians`
--
ALTER TABLE `technicians`
  ADD PRIMARY KEY (`id`),
  ADD KEY `factory` (`factory`);

--
-- Indices de la tabla `types`
--
ALTER TABLE `types`
  ADD PRIMARY KEY (`id`);

--
-- Indices de la tabla `users`
--
ALTER TABLE `users`
  ADD PRIMARY KEY (`id`);

--
-- Indices de la tabla `warnings`
--
ALTER TABLE `warnings`
  ADD PRIMARY KEY (`id`);

--
-- AUTO_INCREMENT de las tablas volcadas
--

--
-- AUTO_INCREMENT de la tabla `breakdowns`
--
ALTER TABLE `breakdowns`
  MODIFY `id` int(11) NOT NULL AUTO_INCREMENT, AUTO_INCREMENT=5;

--
-- AUTO_INCREMENT de la tabla `docs`
--
ALTER TABLE `docs`
  MODIFY `id` int(11) NOT NULL AUTO_INCREMENT, AUTO_INCREMENT=25;

--
-- AUTO_INCREMENT de la tabla `events`
--
ALTER TABLE `events`
  MODIFY `id` int(11) NOT NULL AUTO_INCREMENT, AUTO_INCREMENT=49;

--
-- AUTO_INCREMENT de la tabla `events_clocks`
--
ALTER TABLE `events_clocks`
  MODIFY `id` int(11) NOT NULL AUTO_INCREMENT, AUTO_INCREMENT=97;

--
-- AUTO_INCREMENT de la tabla `events_items`
--
ALTER TABLE `events_items`
  MODIFY `id` int(11) NOT NULL AUTO_INCREMENT, AUTO_INCREMENT=56;

--
-- AUTO_INCREMENT de la tabla `events_operations`
--
ALTER TABLE `events_operations`
  MODIFY `id` int(11) NOT NULL AUTO_INCREMENT, AUTO_INCREMENT=152;

--
-- AUTO_INCREMENT de la tabla `factories`
--
ALTER TABLE `factories`
  MODIFY `id` int(11) NOT NULL AUTO_INCREMENT, AUTO_INCREMENT=4;

--
-- AUTO_INCREMENT de la tabla `items`
--
ALTER TABLE `items`
  MODIFY `id` int(11) NOT NULL AUTO_INCREMENT, AUTO_INCREMENT=19;

--
-- AUTO_INCREMENT de la tabla `machines`
--
ALTER TABLE `machines`
  MODIFY `id` int(11) NOT NULL AUTO_INCREMENT, AUTO_INCREMENT=607;

--
-- AUTO_INCREMENT de la tabla `numbers`
--
ALTER TABLE `numbers`
  MODIFY `id` int(11) NOT NULL AUTO_INCREMENT, AUTO_INCREMENT=82;

--
-- AUTO_INCREMENT de la tabla `sections`
--
ALTER TABLE `sections`
  MODIFY `id` int(11) NOT NULL AUTO_INCREMENT, AUTO_INCREMENT=28;

--
-- AUTO_INCREMENT de la tabla `technicians`
--
ALTER TABLE `technicians`
  MODIFY `id` int(11) NOT NULL AUTO_INCREMENT, AUTO_INCREMENT=22;

--
-- AUTO_INCREMENT de la tabla `types`
--
ALTER TABLE `types`
  MODIFY `id` int(11) NOT NULL AUTO_INCREMENT, AUTO_INCREMENT=6;

--
-- AUTO_INCREMENT de la tabla `users`
--
ALTER TABLE `users`
  MODIFY `id` int(11) NOT NULL AUTO_INCREMENT, AUTO_INCREMENT=47;

--
-- AUTO_INCREMENT de la tabla `warnings`
--
ALTER TABLE `warnings`
  MODIFY `id` int(1) NOT NULL AUTO_INCREMENT, AUTO_INCREMENT=28;

--
-- Restricciones para tablas volcadas
--

--
-- Filtros para la tabla `docs`
--
ALTER TABLE `docs`
  ADD CONSTRAINT `docs_ibfk_1` FOREIGN KEY (`sectionId`) REFERENCES `sections` (`id`);

--
-- Filtros para la tabla `events`
--
ALTER TABLE `events`
  ADD CONSTRAINT `events_ibfk_1` FOREIGN KEY (`factory`) REFERENCES `factories` (`id`),
  ADD CONSTRAINT `events_ibfk_2` FOREIGN KEY (`machine`) REFERENCES `machines` (`id`),
  ADD CONSTRAINT `events_ibfk_3` FOREIGN KEY (`section`) REFERENCES `sections` (`id`),
  ADD CONSTRAINT `events_ibfk_4` FOREIGN KEY (`number`) REFERENCES `numbers` (`id`),
  ADD CONSTRAINT `events_ibfk_5` FOREIGN KEY (`orderType`) REFERENCES `types` (`id`),
  ADD CONSTRAINT `events_ibfk_6` FOREIGN KEY (`breakdown`) REFERENCES `breakdowns` (`id`),
  ADD CONSTRAINT `events_ibfk_7` FOREIGN KEY (`technician`) REFERENCES `technicians` (`id`);

--
-- Filtros para la tabla `events_clocks`
--
ALTER TABLE `events_clocks`
  ADD CONSTRAINT `events_clocks_ibfk_1` FOREIGN KEY (`userId`) REFERENCES `technicians` (`id`),
  ADD CONSTRAINT `events_clocks_ibfk_2` FOREIGN KEY (`eventId`) REFERENCES `events` (`id`);

--
-- Filtros para la tabla `events_items`
--
ALTER TABLE `events_items`
  ADD CONSTRAINT `events_items_ibfk_1` FOREIGN KEY (`eventId`) REFERENCES `events` (`id`),
  ADD CONSTRAINT `events_items_ibfk_2` FOREIGN KEY (`code`) REFERENCES `items` (`code`);

--
-- Filtros para la tabla `events_operations`
--
ALTER TABLE `events_operations`
  ADD CONSTRAINT `events_operations_ibfk_1` FOREIGN KEY (`eventId`) REFERENCES `events` (`id`);

--
-- Filtros para la tabla `machines`
--
ALTER TABLE `machines`
  ADD CONSTRAINT `machines_ibfk_1` FOREIGN KEY (`numberId`) REFERENCES `numbers` (`id`);

--
-- Filtros para la tabla `numbers`
--
ALTER TABLE `numbers`
  ADD CONSTRAINT `numbers_ibfk_1` FOREIGN KEY (`sectionId`) REFERENCES `sections` (`id`);

--
-- Filtros para la tabla `sections`
--
ALTER TABLE `sections`
  ADD CONSTRAINT `sections_ibfk_1` FOREIGN KEY (`factoryId`) REFERENCES `factories` (`id`);

--
-- Filtros para la tabla `technicians`
--
ALTER TABLE `technicians`
  ADD CONSTRAINT `technicians_ibfk_1` FOREIGN KEY (`factory`) REFERENCES `factories` (`id`);
COMMIT;

/*!40101 SET CHARACTER_SET_CLIENT=@OLD_CHARACTER_SET_CLIENT */;
/*!40101 SET CHARACTER_SET_RESULTS=@OLD_CHARACTER_SET_RESULTS */;
/*!40101 SET COLLATION_CONNECTION=@OLD_COLLATION_CONNECTION */;
